visual_id,type,title_or_question,manuscript_citation,source_artifact,generator,generation_method,external_content,license_or_permission,status
Fig1,figure,"How does evidence flow to the Security Gate?",Methodology before Figure 1,"configs/security_gate.yaml; frozen Phase 5 workflow",docs/manuscript_citi2027/manuscript_citi2027_anonymous.tex,Original LaTeX diagram,None,Not applicable,VERIFIED
Table1,table,"What datasets and splits define the experiment?",Methodology before Table 1,"results/final/master_clean_results.csv; dataset configs",docs/manuscript_citi2027/manuscript_citi2027_anonymous.tex,LaTeX table transcribed from reconciled artifacts,None,Not applicable,VERIFIED
Table2,table,"How well do the frozen models perform on clean full-test data?",Results before Table 2,results/final/table_clean_baselines.csv,docs/manuscript_citi2027/manuscript_citi2027_anonymous.tex,LaTeX table transcribed from reconciled artifact,None,Not applicable,VERIFIED
Table3,table,"What is the worst valid adversarial outcome for each dataset?",Results before Table 3,results/final/table_worst_case_robustness.csv,docs/manuscript_citi2027/manuscript_citi2027_anonymous.tex,LaTeX table transcribed from reconciled artifact,None,Not applicable,VERIFIED
Fig2,figure,"How does clean attack recall compare with worst-case adversarial recall?",Results before Figure 2,"results/final/table_worst_case_robustness.csv; results/final/table_robustness_gap.csv",docs/manuscript_citi2027/manuscript_citi2027_anonymous.tex,Original pgfplots chart,None,Not applicable,VERIFIED
Fig3,figure,"How does recall respond to attack type and perturbation budget?",Results before Figure 3,results/final/budget_response_analysis.csv,docs/manuscript_citi2027/manuscript_citi2027_anonymous.tex,Original pgfplots line chart,None,Not applicable,VERIFIED
Table4,table,"Which candidates change decision under the full gate?",Results before Table 4,"results/security_gate/gate_decisions_test.csv; results/final/table_gate_value_added.csv",docs/manuscript_citi2027/manuscript_citi2027_anonymous.tex,LaTeX table transcribed from reconciled artifacts,None,Not applicable,VERIFIED
Fig4,figure,"What are the per-seed PASS/BLOCK outcomes?",Results before Figure 4,results/security_gate/gate_decisions_test.csv,docs/manuscript_citi2027/manuscript_citi2027_anonymous.tex,Original TikZ matrix,None,Not applicable,VERIFIED
Table5,table,"What offline CPU time is measured for training and attack evaluation?",Results before Table 5,"results/adversarial/adversarial_results_long.csv; results/baseline/*/timing_seed_*.json",docs/manuscript_citi2027/manuscript_citi2027_anonymous.tex,LaTeX table aggregated from frozen per-condition and per-seed timings,None,Not applicable,VERIFIED
