feature,dtype,missing,missing_pct,cardinality_approx,min,max,mean,std,positive_inf,negative_inf,percentiles_approx
Header_Length,DOUBLE,0,0.0,5912,0.0,60.0,13.767215928546786,8.73733394134803,0.0,0.0,"[ 0.          0.          7.98931625 19.97975455 20.         20.57024119
 31.99999017]"
Protocol Type,BIGINT,0,0.0,5,0.0,47.0,9.050382797418372,9.100496532640305,0.0,0.0,[ 1  1  6  6 12 17 47]
Time_To_Live,DOUBLE,0,0.0,33419,0.0,255.0,66.51947754731128,14.424796235070042,0.0,0.0,"[ 62.19166365  63.36        64.          64.          64.
  70.81405717 143.77283237]"
Rate,DOUBLE,0,0.0,962125,1.272070358718431e-05,15728640.0,28452.277239495732,31165.27083346699,1037.0,0.0,"[6.78822927e+01 1.00177069e+03 1.14028381e+04 2.46640137e+04
 3.80405381e+04 6.34994859e+04 1.34537349e+05]"
fin_flag_number,DOUBLE,1,2.137816477006715e-06,492,0.0,1.0,0.08737627986776281,0.28000666951068076,0.0,0.0,[0. 0. 0. 0. 0. 1. 1.]
syn_flag_number,DOUBLE,1,2.137816477006715e-06,744,0.0,1.0,0.20751267007110946,0.4002294061623257,0.0,0.0,"[0.         0.         0.         0.         0.00934968 1.
 1.        ]"
rst_flag_number,DOUBLE,1,2.137816477006715e-06,860,0.0,1.0,0.09340091182609277,0.28396788292196123,0.0,0.0,[0. 0. 0. 0. 0. 1. 1.]
psh_flag_number,DOUBLE,1,2.137816477006715e-06,1158,0.0,1.0,0.09435024248942,0.27762663973608964,0.0,0.0,"[0.         0.         0.         0.         0.         0.99999707
 1.        ]"
ack_flag_number,DOUBLE,1,2.137816477006715e-06,1649,0.0,1.0,0.1304484184391467,0.3172945159186918,0.0,0.0,"[0.         0.         0.         0.         0.00804005 1.
 1.        ]"
ece_flag_number,DOUBLE,1,2.137816477006715e-06,63,0.0,1.0,2.8354138868339377e-05,0.0020302989577119586,0.0,0.0,[0. 0. 0. 0. 0. 0. 0.]
cwr_flag_number,DOUBLE,1,2.137816477006715e-06,44,0.0,1.0,1.4701435831937508e-05,0.0014138513329662755,0.0,0.0,[0. 0. 0. 0. 0. 0. 0.]
ack_count,BIGINT,1,2.137816477006715e-06,98,0.0,100.0,9.905823217666557,28.085487856341853,0.0,0.0,[  0   0   0   0   1 100 100]
syn_count,BIGINT,1,2.137816477006715e-06,98,0.0,100.0,20.50515189197083,39.984322750455654,0.0,0.0,[  0   0   0   0   1 100 100]
fin_count,BIGINT,1,2.137816477006715e-06,98,0.0,100.0,8.653526385006346,27.993722106181558,0.0,0.0,[  0   0   0   0   0 100 100]
rst_count,BIGINT,1,2.137816477006715e-06,98,0.0,100.0,9.219482824130022,28.293428717684186,0.0,0.0,[  0   0   0   0   0 100 100]
HTTP,DOUBLE,1,2.137816477006715e-06,678,0.0,1.0,0.05048429873079165,0.21392307409657033,0.0,0.0,[0.       0.       0.       0.       0.       0.492744 1.      ]
HTTPS,DOUBLE,1,2.137816477006715e-06,931,0.0,1.0,0.05905263427673394,0.2200177452234018,0.0,0.0,"[0.         0.         0.         0.         0.         0.72127661
 1.        ]"
DNS,DOUBLE,1,2.137816477006715e-06,437,0.0,1.0,0.002639496276307744,0.022218485169835916,0.0,0.0,"[0.         0.         0.         0.         0.         0.00999938
 0.07401677]"
Telnet,DOUBLE,1,2.137816477006715e-06,23,0.0,0.6,1.0769044698547335e-05,0.0006963181325733523,0.0,0.0,[0. 0. 0. 0. 0. 0. 0.]
SMTP,DOUBLE,1,2.137816477006715e-06,21,0.0,0.9,1.0660936404019285e-05,0.0007707356286507712,0.0,0.0,[0. 0. 0. 0. 0. 0. 0.]
SSH,DOUBLE,1,2.137816477006715e-06,74,0.0,1.0,0.00020656710477799756,0.00758412666348919,0.0,0.0,[0. 0. 0. 0. 0. 0. 0.]
IRC,DOUBLE,1,2.137816477006715e-06,34,0.0,0.9,1.632505693278482e-05,0.0009996699871837951,0.0,0.0,[0. 0. 0. 0. 0. 0. 0.]
TCP,DOUBLE,1,2.137816477006715e-06,1194,0.0,1.0,0.5776555744831903,0.48434599546259655,0.0,0.0,[0.   0.   0.   0.99 1.   1.   1.  ]
UDP,DOUBLE,1,2.137816477006715e-06,1335,0.0,1.0,0.21336615070797846,0.3983120512190556,0.0,0.0,"[0.         0.         0.         0.         0.03314685 1.
 1.        ]"
DHCP,DOUBLE,1,2.137816477006715e-06,176,0.0,1.0,0.00017547877246455233,0.004805984841951223,0.0,0.0,[0. 0. 0. 0. 0. 0. 0.]
ARP,DOUBLE,1,2.137816477006715e-06,505,0.0,1.0,0.0028392491954537325,0.018762720978001603,0.0,0.0,"[0.         0.         0.         0.         0.         0.01
 0.08270425]"
ICMP,DOUBLE,1,2.137816477006715e-06,1043,0.0,1.0,0.16423283643705588,0.36714962171588444,0.0,0.0,[0. 0. 0. 0. 0. 1. 1.]
IGMP,DOUBLE,1,2.137816477006715e-06,34,0.0,1.0,2.0938597023506907e-05,0.0013215995385492186,0.0,0.0,[0. 0. 0. 0. 0. 0. 0.]
IPv,DOUBLE,1,2.137816477006715e-06,510,0.0,1.0,0.9971607508145507,0.018762720978001458,0.0,0.0,"[0.91695519 0.99       1.         1.         1.         1.
 1.        ]"
LLC,DOUBLE,1,2.137816477006715e-06,510,0.0,1.0,0.9971607508145507,0.018762720978001458,0.0,0.0,"[0.91695519 0.99       1.         1.         1.         1.
 1.        ]"
Tot sum,BIGINT,1,2.137816477006715e-06,115225,60.0,316492.0,10977.931619330386,16893.024214173864,0.0,0.0,[  848  6000  6000  6000  6010 57030 91911]
Min,BIGINT,1,2.137816477006715e-06,1706,42.0,13583.0,80.0603226405523,107.43481413232108,0.0,0.0,[ 60  60  60  60  60 114 586]
Max,BIGINT,1,2.137816477006715e-06,7286,1.0,52194.0,223.88378254309907,583.7658847831756,0.0,0.0,[  60   60   60   60   76 1326 2949]
AVG,DOUBLE,2,4.27563295401343e-06,127955,46.0,13583.0,131.79056964229846,229.63669063327984,0.0,0.0,"[  60.           60.           60.           60.           60.24434809
  585.39474618 1018.86085974]"
Std,DOUBLE,704,0.0015050227998127273,2102410,0.0,11655.404669079491,41.490701399766415,180.83510242686,0.0,0.0,"[0.00000000e+00 0.00000000e+00 0.00000000e+00 0.00000000e+00
 7.40858869e-01 2.45840414e+02 8.04099930e+02]"
Tot size,DOUBLE,3,6.413449431020145e-06,127955,46.0,13583.0,131.79057115716748,229.63669285415915,0.0,0.0,"[  60.           60.           60.           60.           60.24434796
  585.39476223 1018.86155264]"
IAT,DOUBLE,3,6.413449431020145e-06,1222804,-0.0178179788589477,78612.00389949084,0.010590540451796039,21.090323093150307,0.0,0.0,"[7.65353420e-06 1.59830560e-05 2.66586323e-05 4.11257698e-05
 8.90321094e-05 1.12283959e-03 1.69632756e-02]"
Number,BIGINT,3,6.413449431020145e-06,96,1.0,100.0,95.48821176920636,19.602998789618567,0.0,0.0,[ 10  56 100 100 100 100 100]
Variance,DOUBLE,705,0.001507160616289734,3423386,0.0,135848458.0,34422.81260871326,389351.2924348492,0.0,0.0,"[0.00000000e+00 0.00000000e+00 0.00000000e+00 0.00000000e+00
 7.07710785e-01 7.68928562e+04 6.62748259e+05]"
source_file,VARCHAR,0,0.0,430,,,,,,,
original_label,VARCHAR,0,0.0,35,,,,,,,
