relative_path,file_name,extension,size_bytes,size_mib,size_gib,sha256,file_type,rows,columns_count,columns,encoding,inspection_seconds
Attack traffic/Backdoor_attack.csv,Backdoor_attack.csv,.csv,17889603,17.060855,0.016661,a3da7bfd919c5f238e5c721cbd0e24a0b2b717d7f231c87c3bc9bc083582295b,CSV,24862.0,63.0,"[""frame.time"", ""ip.src_host"", ""ip.dst_host"", ""arp.dst.proto_ipv4"", ""arp.opcode"", ""arp.hw.size"", ""arp.src.proto_ipv4"", ""icmp.checksum"", ""icmp.seq_le"", ""icmp.transmit_timestamp"", ""icmp.unused"", ""http.file_data"", ""http.content_length"", ""http.request.uri.query"", ""http.request.method"", ""http.referer"", ""http.request.full_uri"", ""http.request.version"", ""http.response"", ""http.tls_port"", ""tcp.ack"", ""tcp.ack_raw"", ""tcp.checksum"", ""tcp.connection.fin"", ""tcp.connection.rst"", ""tcp.connection.syn"", ""tcp.connection.synack"", ""tcp.dstport"", ""tcp.flags"", ""tcp.flags.ack"", ""tcp.len"", ""tcp.options"", ""tcp.payload"", ""tcp.seq"", ""tcp.srcport"", ""udp.port"", ""udp.stream"", ""udp.time_delta"", ""dns.qry.name"", ""dns.qry.name.len"", ""dns.qry.qu"", ""dns.qry.type"", ""dns.retransmission"", ""dns.retransmit_request"", ""dns.retransmit_request_in"", ""mqtt.conack.flags"", ""mqtt.conflag.cleansess"", ""mqtt.conflags"", ""mqtt.hdrflags"", ""mqtt.len"", ""mqtt.msg_decoded_as"", ""mqtt.msg"", ""mqtt.msgtype"", ""mqtt.proto_len"", ""mqtt.protoname"", ""mqtt.topic"", ""mqtt.topic_len"", ""mqtt.ver"", ""mbtcp.len"", ""mbtcp.trans_id"", ""mbtcp.unit_id"", ""Attack_label"", ""Attack_type""]",utf-8,0.925395
Attack traffic/Backdoor_attack.pcap,Backdoor_attack.pcap,.pcap,6694092,6.383984,0.006234,2f22c751442017f745397d517df9837da378362f670ad238faeac0decd58e3e9,PCAP,,,[],,0.356705
Attack traffic/DDoS HTTP Flood Attacks.pcap,DDoS HTTP Flood Attacks.pcap,.pcap,28307602,26.996233,0.026364,2fb2558d51defd1704a54a7a76df787048e9281d2efd8177703d66a7f78620ba,PCAP,,,[],,1.098057
Attack traffic/DDoS ICMP Flood Attacks.pcap,DDoS ICMP Flood Attacks.pcap,.pcap,212434878,202.593687,0.197845,1152be31c21b9b0f146eaef63ede8092946ebe999a91935f557c5083b490e30b,PCAP,,,[],,7.453985
Attack traffic/DDoS TCP SYN Flood Attacks.pcap,DDoS TCP SYN Flood Attacks.pcap,.pcap,282613890,269.521608,0.263205,5fa4d774b6b03c160e2c4c619c79ca55c5a673581c5c40d6f46350f50d55ae80,PCAP,,,[],,10.443482
Attack traffic/DDoS UDP Flood Attacks.pcap,DDoS UDP Flood Attacks.pcap,.pcap,247560012,236.091625,0.230558,6de0341f27093cac8a5eba657b8a49ecbac4dd5bf6c452a6274472df69172ce5,PCAP,,,[],,9.686348
Attack traffic/DDoS_HTTP_Flood_attack.csv,DDoS_HTTP_Flood_attack.csv,.csv,95709749,91.275929,0.089137,526ef4221d74c046d35db948e7aa534f2660270321510726f312409d6036ca33,CSV,229022.0,63.0,"[""frame.time"", ""ip.src_host"", ""ip.dst_host"", ""arp.dst.proto_ipv4"", ""arp.opcode"", ""arp.hw.size"", ""arp.src.proto_ipv4"", ""icmp.checksum"", ""icmp.seq_le"", ""icmp.transmit_timestamp"", ""icmp.unused"", ""http.file_data"", ""http.content_length"", ""http.request.uri.query"", ""http.request.method"", ""http.referer"", ""http.request.full_uri"", ""http.request.version"", ""http.response"", ""http.tls_port"", ""tcp.ack"", ""tcp.ack_raw"", ""tcp.checksum"", ""tcp.connection.fin"", ""tcp.connection.rst"", ""tcp.connection.syn"", ""tcp.connection.synack"", ""tcp.dstport"", ""tcp.flags"", ""tcp.flags.ack"", ""tcp.len"", ""tcp.options"", ""tcp.payload"", ""tcp.seq"", ""tcp.srcport"", ""udp.port"", ""udp.stream"", ""udp.time_delta"", ""dns.qry.name"", ""dns.qry.name.len"", ""dns.qry.qu"", ""dns.qry.type"", ""dns.retransmission"", ""dns.retransmit_request"", ""dns.retransmit_request_in"", ""mqtt.conack.flags"", ""mqtt.conflag.cleansess"", ""mqtt.conflags"", ""mqtt.hdrflags"", ""mqtt.len"", ""mqtt.msg_decoded_as"", ""mqtt.msg"", ""mqtt.msgtype"", ""mqtt.proto_len"", ""mqtt.protoname"", ""mqtt.topic"", ""mqtt.topic_len"", ""mqtt.ver"", ""mbtcp.len"", ""mbtcp.trans_id"", ""mbtcp.unit_id"", ""Attack_label"", ""Attack_type""]",utf-8,4.542776
Attack traffic/DDoS_ICMP_Flood_attack.csv,DDoS_ICMP_Flood_attack.csv,.csv,892080000,850.753784,0.830814,bd3a180a18e331976b1e320aa0def408fa9adeff002035758cd2d3e36f25d325,CSV,2914354.0,63.0,"[""frame.time"", ""ip.src_host"", ""ip.dst_host"", ""arp.dst.proto_ipv4"", ""arp.opcode"", ""arp.hw.size"", ""arp.src.proto_ipv4"", ""icmp.checksum"", ""icmp.seq_le"", ""icmp.transmit_timestamp"", ""icmp.unused"", ""http.file_data"", ""http.content_length"", ""http.request.uri.query"", ""http.request.method"", ""http.referer"", ""http.request.full_uri"", ""http.request.version"", ""http.response"", ""http.tls_port"", ""tcp.ack"", ""tcp.ack_raw"", ""tcp.checksum"", ""tcp.connection.fin"", ""tcp.connection.rst"", ""tcp.connection.syn"", ""tcp.connection.synack"", ""tcp.dstport"", ""tcp.flags"", ""tcp.flags.ack"", ""tcp.len"", ""tcp.options"", ""tcp.payload"", ""tcp.seq"", ""tcp.srcport"", ""udp.port"", ""udp.stream"", ""udp.time_delta"", ""dns.qry.name"", ""dns.qry.name.len"", ""dns.qry.qu"", ""dns.qry.type"", ""dns.retransmission"", ""dns.retransmit_request"", ""dns.retransmit_request_in"", ""mqtt.conack.flags"", ""mqtt.conflag.cleansess"", ""mqtt.conflags"", ""mqtt.hdrflags"", ""mqtt.len"", ""mqtt.msg_decoded_as"", ""mqtt.msg"", ""mqtt.msgtype"", ""mqtt.proto_len"", ""mqtt.protoname"", ""mqtt.topic"", ""mqtt.topic_len"", ""mqtt.ver"", ""mbtcp.len"", ""mbtcp.trans_id"", ""mbtcp.unit_id"", ""Attack_label"", ""Attack_type""]",utf-8,41.779141
Attack traffic/DDoS_TCP_SYN_Flood_attack.csv,DDoS_TCP_SYN_Flood_attack.csv,.csv,941188405,897.587209,0.87655,623e8a331af6412b002a6ee18df1fb914d026de4906bdebdc3d29890487283e1,CSV,2020120.0,63.0,"[""frame.time"", ""ip.src_host"", ""ip.dst_host"", ""arp.dst.proto_ipv4"", ""arp.opcode"", ""arp.hw.size"", ""arp.src.proto_ipv4"", ""icmp.checksum"", ""icmp.seq_le"", ""icmp.transmit_timestamp"", ""icmp.unused"", ""http.file_data"", ""http.content_length"", ""http.request.uri.query"", ""http.request.method"", ""http.referer"", ""http.request.full_uri"", ""http.request.version"", ""http.response"", ""http.tls_port"", ""tcp.ack"", ""tcp.ack_raw"", ""tcp.checksum"", ""tcp.connection.fin"", ""tcp.connection.rst"", ""tcp.connection.syn"", ""tcp.connection.synack"", ""tcp.dstport"", ""tcp.flags"", ""tcp.flags.ack"", ""tcp.len"", ""tcp.options"", ""tcp.payload"", ""tcp.seq"", ""tcp.srcport"", ""udp.port"", ""udp.stream"", ""udp.time_delta"", ""dns.qry.name"", ""dns.qry.name.len"", ""dns.qry.qu"", ""dns.qry.type"", ""dns.retransmission"", ""dns.retransmit_request"", ""dns.retransmit_request_in"", ""mqtt.conack.flags"", ""mqtt.conflag.cleansess"", ""mqtt.conflags"", ""mqtt.hdrflags"", ""mqtt.len"", ""mqtt.msg_decoded_as"", ""mqtt.msg"", ""mqtt.msgtype"", ""mqtt.proto_len"", ""mqtt.protoname"", ""mqtt.topic"", ""mqtt.topic_len"", ""mqtt.ver"", ""mbtcp.len"", ""mbtcp.trans_id"", ""mbtcp.unit_id"", ""Attack_label"", ""Attack_type""]",utf-8,27.104562
Attack traffic/DDoS_UDP_Flood_attack.csv,DDoS_UDP_Flood_attack.csv,.csv,900233551,858.529616,0.838408,62dcd279cd2068d2f7055028fd823dfec526bd6167a5b6180eca460e1b5c9333,CSV,3201626.0,63.0,"[""frame.time"", ""ip.src_host"", ""ip.dst_host"", ""arp.dst.proto_ipv4"", ""arp.opcode"", ""arp.hw.size"", ""arp.src.proto_ipv4"", ""icmp.checksum"", ""icmp.seq_le"", ""icmp.transmit_timestamp"", ""icmp.unused"", ""http.file_data"", ""http.content_length"", ""http.request.uri.query"", ""http.request.method"", ""http.referer"", ""http.request.full_uri"", ""http.request.version"", ""http.response"", ""http.tls_port"", ""tcp.ack"", ""tcp.ack_raw"", ""tcp.checksum"", ""tcp.connection.fin"", ""tcp.connection.rst"", ""tcp.connection.syn"", ""tcp.connection.synack"", ""tcp.dstport"", ""tcp.flags"", ""tcp.flags.ack"", ""tcp.len"", ""tcp.options"", ""tcp.payload"", ""tcp.seq"", ""tcp.srcport"", ""udp.port"", ""udp.stream"", ""udp.time_delta"", ""dns.qry.name"", ""dns.qry.name.len"", ""dns.qry.qu"", ""dns.qry.type"", ""dns.retransmission"", ""dns.retransmit_request"", ""dns.retransmit_request_in"", ""mqtt.conack.flags"", ""mqtt.conflag.cleansess"", ""mqtt.conflags"", ""mqtt.hdrflags"", ""mqtt.len"", ""mqtt.msg_decoded_as"", ""mqtt.msg"", ""mqtt.msgtype"", ""mqtt.proto_len"", ""mqtt.protoname"", ""mqtt.topic"", ""mqtt.topic_len"", ""mqtt.ver"", ""mbtcp.len"", ""mbtcp.trans_id"", ""mbtcp.unit_id"", ""Attack_label"", ""Attack_type""]",utf-8,21.976169
Attack traffic/MITM (ARP spoofing + DNS) Attack.pcap,MITM (ARP spoofing + DNS) Attack.pcap,.pcap,127852,0.121929,0.000119,ef952aff57dd30f04a98511cae2f34f642a64720fcde31df8b2f6dcf0351d536,PCAP,,,[],,0.046979
Attack traffic/MITM_attack.csv,MITM_attack.csv,.csv,329947,0.314662,0.000307,c4fd9f0d33c1bcbf37a0c4e0cc378157d6af650300e657340ae3d86b40cfd498,CSV,1229.0,63.0,"[""frame.time"", ""ip.src_host"", ""ip.dst_host"", ""arp.dst.proto_ipv4"", ""arp.opcode"", ""arp.hw.size"", ""arp.src.proto_ipv4"", ""icmp.checksum"", ""icmp.seq_le"", ""icmp.transmit_timestamp"", ""icmp.unused"", ""http.file_data"", ""http.content_length"", ""http.request.uri.query"", ""http.request.method"", ""http.referer"", ""http.request.full_uri"", ""http.request.version"", ""http.response"", ""http.tls_port"", ""tcp.ack"", ""tcp.ack_raw"", ""tcp.checksum"", ""tcp.connection.fin"", ""tcp.connection.rst"", ""tcp.connection.syn"", ""tcp.connection.synack"", ""tcp.dstport"", ""tcp.flags"", ""tcp.flags.ack"", ""tcp.len"", ""tcp.options"", ""tcp.payload"", ""tcp.seq"", ""tcp.srcport"", ""udp.port"", ""udp.stream"", ""udp.time_delta"", ""dns.qry.name"", ""dns.qry.name.len"", ""dns.qry.qu"", ""dns.qry.type"", ""dns.retransmission"", ""dns.retransmit_request"", ""dns.retransmit_request_in"", ""mqtt.conack.flags"", ""mqtt.conflag.cleansess"", ""mqtt.conflags"", ""mqtt.hdrflags"", ""mqtt.len"", ""mqtt.msg_decoded_as"", ""mqtt.msg"", ""mqtt.msgtype"", ""mqtt.proto_len"", ""mqtt.protoname"", ""mqtt.topic"", ""mqtt.topic_len"", ""mqtt.ver"", ""mbtcp.len"", ""mbtcp.trans_id"", ""mbtcp.unit_id"", ""Attack_label"", ""Attack_type""]",utf-8,0.081506
Attack traffic/OS Fingerprinting attack.pcap,OS Fingerprinting attack.pcap,.pcap,114041,0.108758,0.000106,68c0464ac92f1d08a050f4e013dd5e0d0e870f39b8f70f26acde133b6d7e00c4,PCAP,,,[],,0.044509
Attack traffic/OS_Fingerprinting_attack.csv,OS_Fingerprinting_attack.csv,.csv,311171,0.296756,0.00029,b2dc428e1b5159ccbfff0e252b5fb096cd5c67fecca169f348a8d30342088613,CSV,1001.0,63.0,"[""frame.time"", ""ip.src_host"", ""ip.dst_host"", ""arp.dst.proto_ipv4"", ""arp.opcode"", ""arp.hw.size"", ""arp.src.proto_ipv4"", ""icmp.checksum"", ""icmp.seq_le"", ""icmp.transmit_timestamp"", ""icmp.unused"", ""http.file_data"", ""http.content_length"", ""http.request.uri.query"", ""http.request.method"", ""http.referer"", ""http.request.full_uri"", ""http.request.version"", ""http.response"", ""http.tls_port"", ""tcp.ack"", ""tcp.ack_raw"", ""tcp.checksum"", ""tcp.connection.fin"", ""tcp.connection.rst"", ""tcp.connection.syn"", ""tcp.connection.synack"", ""tcp.dstport"", ""tcp.flags"", ""tcp.flags.ack"", ""tcp.len"", ""tcp.options"", ""tcp.payload"", ""tcp.seq"", ""tcp.srcport"", ""udp.port"", ""udp.stream"", ""udp.time_delta"", ""dns.qry.name"", ""dns.qry.name.len"", ""dns.qry.qu"", ""dns.qry.type"", ""dns.retransmission"", ""dns.retransmit_request"", ""dns.retransmit_request_in"", ""mqtt.conack.flags"", ""mqtt.conflag.cleansess"", ""mqtt.conflags"", ""mqtt.hdrflags"", ""mqtt.len"", ""mqtt.msg_decoded_as"", ""mqtt.msg"", ""mqtt.msgtype"", ""mqtt.proto_len"", ""mqtt.protoname"", ""mqtt.topic"", ""mqtt.topic_len"", ""mqtt.ver"", ""mbtcp.len"", ""mbtcp.trans_id"", ""mbtcp.unit_id"", ""Attack_label"", ""Attack_type""]",utf-8,0.088641
Attack traffic/Password attacks.pcap,Password attacks.pcap,.pcap,194557494,185.544485,0.181196,5e2393acebb92806205eb87bff5dd82cdece3cd183e760b1cf737ed1c8a663c2,PCAP,,,[],,5.74303
Attack traffic/Password_attack.csv,Password_attack.csv,.csv,653290138,623.026026,0.608424,e8458c89e71706226ecd9d3730e3b0db5ae2d5f3fb87655fccf1d6e5f1730eba,CSV,1053385.0,63.0,"[""frame.time"", ""ip.src_host"", ""ip.dst_host"", ""arp.dst.proto_ipv4"", ""arp.opcode"", ""arp.hw.size"", ""arp.src.proto_ipv4"", ""icmp.checksum"", ""icmp.seq_le"", ""icmp.transmit_timestamp"", ""icmp.unused"", ""http.file_data"", ""http.content_length"", ""http.request.uri.query"", ""http.request.method"", ""http.referer"", ""http.request.full_uri"", ""http.request.version"", ""http.response"", ""http.tls_port"", ""tcp.ack"", ""tcp.ack_raw"", ""tcp.checksum"", ""tcp.connection.fin"", ""tcp.connection.rst"", ""tcp.connection.syn"", ""tcp.connection.synack"", ""tcp.dstport"", ""tcp.flags"", ""tcp.flags.ack"", ""tcp.len"", ""tcp.options"", ""tcp.payload"", ""tcp.seq"", ""tcp.srcport"", ""udp.port"", ""udp.stream"", ""udp.time_delta"", ""dns.qry.name"", ""dns.qry.name.len"", ""dns.qry.qu"", ""dns.qry.type"", ""dns.retransmission"", ""dns.retransmit_request"", ""dns.retransmit_request_in"", ""mqtt.conack.flags"", ""mqtt.conflag.cleansess"", ""mqtt.conflags"", ""mqtt.hdrflags"", ""mqtt.len"", ""mqtt.msg_decoded_as"", ""mqtt.msg"", ""mqtt.msgtype"", ""mqtt.proto_len"", ""mqtt.protoname"", ""mqtt.topic"", ""mqtt.topic_len"", ""mqtt.ver"", ""mbtcp.len"", ""mbtcp.trans_id"", ""mbtcp.unit_id"", ""Attack_label"", ""Attack_type""]",utf-8,23.347978
Attack traffic/Port Scanning attack.pcap,Port Scanning attack.pcap,.pcap,1801807,1.718337,0.001678,9fa4c8527951c2ea935b1ae5e932063c1b7fb8cc1e2b0f24defbe3a7b99058d9,PCAP,,,[],,0.220925
Attack traffic/Port_Scanning_attack.csv,Port_Scanning_attack.csv,.csv,7335171,6.995364,0.006831,26f7f094254daa23e85ec7df1b7ad9352cf208d9ee9b55d7d7928d3415c793ad,CSV,22564.0,63.0,"[""frame.time"", ""ip.src_host"", ""ip.dst_host"", ""arp.dst.proto_ipv4"", ""arp.opcode"", ""arp.hw.size"", ""arp.src.proto_ipv4"", ""icmp.checksum"", ""icmp.seq_le"", ""icmp.transmit_timestamp"", ""icmp.unused"", ""http.file_data"", ""http.content_length"", ""http.request.uri.query"", ""http.request.method"", ""http.referer"", ""http.request.full_uri"", ""http.request.version"", ""http.response"", ""http.tls_port"", ""tcp.ack"", ""tcp.ack_raw"", ""tcp.checksum"", ""tcp.connection.fin"", ""tcp.connection.rst"", ""tcp.connection.syn"", ""tcp.connection.synack"", ""tcp.dstport"", ""tcp.flags"", ""tcp.flags.ack"", ""tcp.len"", ""tcp.options"", ""tcp.payload"", ""tcp.seq"", ""tcp.srcport"", ""udp.port"", ""udp.stream"", ""udp.time_delta"", ""dns.qry.name"", ""dns.qry.name.len"", ""dns.qry.qu"", ""dns.qry.type"", ""dns.retransmission"", ""dns.retransmit_request"", ""dns.retransmit_request_in"", ""mqtt.conack.flags"", ""mqtt.conflag.cleansess"", ""mqtt.conflags"", ""mqtt.hdrflags"", ""mqtt.len"", ""mqtt.msg_decoded_as"", ""mqtt.msg"", ""mqtt.msgtype"", ""mqtt.proto_len"", ""mqtt.protoname"", ""mqtt.topic"", ""mqtt.topic_len"", ""mqtt.ver"", ""mbtcp.len"", ""mbtcp.trans_id"", ""mbtcp.unit_id"", ""Attack_label"", ""Attack_type""]",utf-8,0.385358
Attack traffic/Ransomware attack.pcap,Ransomware attack.pcap,.pcap,2842688,2.710999,0.002647,f38a731096f61391384adad975537de2de6cea89f38e1c1421e5b328f4b17116,PCAP,,,[],,0.08129
Attack traffic/Ransomware_attack.csv,Ransomware_attack.csv,.csv,7592169,7.240457,0.007071,60fa5257c73f0eef6736a56953c7afe6a99e08942a32c3b9716a64abd2be0c7a,CSV,10925.0,63.0,"[""frame.time"", ""ip.src_host"", ""ip.dst_host"", ""arp.dst.proto_ipv4"", ""arp.opcode"", ""arp.hw.size"", ""arp.src.proto_ipv4"", ""icmp.checksum"", ""icmp.seq_le"", ""icmp.transmit_timestamp"", ""icmp.unused"", ""http.file_data"", ""http.content_length"", ""http.request.uri.query"", ""http.request.method"", ""http.referer"", ""http.request.full_uri"", ""http.request.version"", ""http.response"", ""http.tls_port"", ""tcp.ack"", ""tcp.ack_raw"", ""tcp.checksum"", ""tcp.connection.fin"", ""tcp.connection.rst"", ""tcp.connection.syn"", ""tcp.connection.synack"", ""tcp.dstport"", ""tcp.flags"", ""tcp.flags.ack"", ""tcp.len"", ""tcp.options"", ""tcp.payload"", ""tcp.seq"", ""tcp.srcport"", ""udp.port"", ""udp.stream"", ""udp.time_delta"", ""dns.qry.name"", ""dns.qry.name.len"", ""dns.qry.qu"", ""dns.qry.type"", ""dns.retransmission"", ""dns.retransmit_request"", ""dns.retransmit_request_in"", ""mqtt.conack.flags"", ""mqtt.conflag.cleansess"", ""mqtt.conflags"", ""mqtt.hdrflags"", ""mqtt.len"", ""mqtt.msg_decoded_as"", ""mqtt.msg"", ""mqtt.msgtype"", ""mqtt.proto_len"", ""mqtt.protoname"", ""mqtt.topic"", ""mqtt.topic_len"", ""mqtt.ver"", ""mbtcp.len"", ""mbtcp.trans_id"", ""mbtcp.unit_id"", ""Attack_label"", ""Attack_type""]",utf-8,0.207926
Attack traffic/SQL injection attack.pcap,SQL injection attack.pcap,.pcap,8173215,7.794585,0.007612,374b06418c3dddd831561a8b5521c18a47bd1cd9bfa83f83e33b70d134517491,PCAP,,,[],,0.256085
Attack traffic/SQL_injection_attack.csv,SQL_injection_attack.csv,.csv,26933868,25.686138,0.025084,59d62ccfab6b708ce1c437a33b4c285e20e614e612edcd86260d4e5c2461c63d,CSV,51203.0,63.0,"[""frame.time"", ""ip.src_host"", ""ip.dst_host"", ""arp.dst.proto_ipv4"", ""arp.opcode"", ""arp.hw.size"", ""arp.src.proto_ipv4"", ""icmp.checksum"", ""icmp.seq_le"", ""icmp.transmit_timestamp"", ""icmp.unused"", ""http.file_data"", ""http.content_length"", ""http.request.uri.query"", ""http.request.method"", ""http.referer"", ""http.request.full_uri"", ""http.request.version"", ""http.response"", ""http.tls_port"", ""tcp.ack"", ""tcp.ack_raw"", ""tcp.checksum"", ""tcp.connection.fin"", ""tcp.connection.rst"", ""tcp.connection.syn"", ""tcp.connection.synack"", ""tcp.dstport"", ""tcp.flags"", ""tcp.flags.ack"", ""tcp.len"", ""tcp.options"", ""tcp.payload"", ""tcp.seq"", ""tcp.srcport"", ""udp.port"", ""udp.stream"", ""udp.time_delta"", ""dns.qry.name"", ""dns.qry.name.len"", ""dns.qry.qu"", ""dns.qry.type"", ""dns.retransmission"", ""dns.retransmit_request"", ""dns.retransmit_request_in"", ""mqtt.conack.flags"", ""mqtt.conflag.cleansess"", ""mqtt.conflags"", ""mqtt.hdrflags"", ""mqtt.len"", ""mqtt.msg_decoded_as"", ""mqtt.msg"", ""mqtt.msgtype"", ""mqtt.proto_len"", ""mqtt.protoname"", ""mqtt.topic"", ""mqtt.topic_len"", ""mqtt.ver"", ""mbtcp.len"", ""mbtcp.trans_id"", ""mbtcp.unit_id"", ""Attack_label"", ""Attack_type""]",utf-8,1.038004
Attack traffic/Uploading attack.pcap,Uploading attack.pcap,.pcap,5488666,5.2344,0.005112,29a16de3410e3c2ff5c3dad8a54d0092dd98c63ea3c13994f4416414bd74d490,PCAP,,,[],,0.20662
Attack traffic/Uploading_attack.csv,Uploading_attack.csv,.csv,17513308,16.701992,0.016311,f65ae75444183004a47fcda9e197daa42b38e485ea58ebc28464e21f830197e3,CSV,37634.0,63.0,"[""frame.time"", ""ip.src_host"", ""ip.dst_host"", ""arp.dst.proto_ipv4"", ""arp.opcode"", ""arp.hw.size"", ""arp.src.proto_ipv4"", ""icmp.checksum"", ""icmp.seq_le"", ""icmp.transmit_timestamp"", ""icmp.unused"", ""http.file_data"", ""http.content_length"", ""http.request.uri.query"", ""http.request.method"", ""http.referer"", ""http.request.full_uri"", ""http.request.version"", ""http.response"", ""http.tls_port"", ""tcp.ack"", ""tcp.ack_raw"", ""tcp.checksum"", ""tcp.connection.fin"", ""tcp.connection.rst"", ""tcp.connection.syn"", ""tcp.connection.synack"", ""tcp.dstport"", ""tcp.flags"", ""tcp.flags.ack"", ""tcp.len"", ""tcp.options"", ""tcp.payload"", ""tcp.seq"", ""tcp.srcport"", ""udp.port"", ""udp.stream"", ""udp.time_delta"", ""dns.qry.name"", ""dns.qry.name.len"", ""dns.qry.qu"", ""dns.qry.type"", ""dns.retransmission"", ""dns.retransmit_request"", ""dns.retransmit_request_in"", ""mqtt.conack.flags"", ""mqtt.conflag.cleansess"", ""mqtt.conflags"", ""mqtt.hdrflags"", ""mqtt.len"", ""mqtt.msg_decoded_as"", ""mqtt.msg"", ""mqtt.msgtype"", ""mqtt.proto_len"", ""mqtt.protoname"", ""mqtt.topic"", ""mqtt.topic_len"", ""mqtt.ver"", ""mbtcp.len"", ""mbtcp.trans_id"", ""mbtcp.unit_id"", ""Attack_label"", ""Attack_type""]",utf-8,0.596903
Attack traffic/Vulnerability scanner attack.pcap,Vulnerability scanner attack.pcap,.pcap,140377652,133.874561,0.130737,af8cb9e7707000bab20618f5f6c4efe09b637b21e7d0e3cb2a055a6d75524083,PCAP,,,[],,5.037079
Attack traffic/Vulnerability_scanner_attack.csv,Vulnerability_scanner_attack.csv,.csv,175747472,167.60585,0.163678,5b8d9bca352875d9b8c76d517ecb33808c45d6a1259f718e21bd1c4d6fea7d59,CSV,145869.0,63.0,"[""frame.time"", ""ip.src_host"", ""ip.dst_host"", ""arp.dst.proto_ipv4"", ""arp.opcode"", ""arp.hw.size"", ""arp.src.proto_ipv4"", ""icmp.checksum"", ""icmp.seq_le"", ""icmp.transmit_timestamp"", ""icmp.unused"", ""http.file_data"", ""http.content_length"", ""http.request.uri.query"", ""http.request.method"", ""http.referer"", ""http.request.full_uri"", ""http.request.version"", ""http.response"", ""http.tls_port"", ""tcp.ack"", ""tcp.ack_raw"", ""tcp.checksum"", ""tcp.connection.fin"", ""tcp.connection.rst"", ""tcp.connection.syn"", ""tcp.connection.synack"", ""tcp.dstport"", ""tcp.flags"", ""tcp.flags.ack"", ""tcp.len"", ""tcp.options"", ""tcp.payload"", ""tcp.seq"", ""tcp.srcport"", ""udp.port"", ""udp.stream"", ""udp.time_delta"", ""dns.qry.name"", ""dns.qry.name.len"", ""dns.qry.qu"", ""dns.qry.type"", ""dns.retransmission"", ""dns.retransmit_request"", ""dns.retransmit_request_in"", ""mqtt.conack.flags"", ""mqtt.conflag.cleansess"", ""mqtt.conflags"", ""mqtt.hdrflags"", ""mqtt.len"", ""mqtt.msg_decoded_as"", ""mqtt.msg"", ""mqtt.msgtype"", ""mqtt.proto_len"", ""mqtt.protoname"", ""mqtt.topic"", ""mqtt.topic_len"", ""mqtt.ver"", ""mbtcp.len"", ""mbtcp.trans_id"", ""mbtcp.unit_id"", ""Attack_label"", ""Attack_type""]",utf-8,7.512002
Attack traffic/XSS attacks.pcap,XSS attacks.pcap,.pcap,2068899,1.973056,0.001927,9e155d46254db96acdf0f97245da6734a7de2c82a0c3e31936c9e5792fc8f92e,PCAP,,,[],,0.179384
Attack traffic/XSS_attack.csv,XSS_attack.csv,.csv,6963363,6.64078,0.006485,acce72d7e9f8d373d4be61d67576c10c55b3eb59063f4a9a1a63715ab85ebf48,CSV,15915.0,63.0,"[""frame.time"", ""ip.src_host"", ""ip.dst_host"", ""arp.dst.proto_ipv4"", ""arp.opcode"", ""arp.hw.size"", ""arp.src.proto_ipv4"", ""icmp.checksum"", ""icmp.seq_le"", ""icmp.transmit_timestamp"", ""icmp.unused"", ""http.file_data"", ""http.content_length"", ""http.request.uri.query"", ""http.request.method"", ""http.referer"", ""http.request.full_uri"", ""http.request.version"", ""http.response"", ""http.tls_port"", ""tcp.ack"", ""tcp.ack_raw"", ""tcp.checksum"", ""tcp.connection.fin"", ""tcp.connection.rst"", ""tcp.connection.syn"", ""tcp.connection.synack"", ""tcp.dstport"", ""tcp.flags"", ""tcp.flags.ack"", ""tcp.len"", ""tcp.options"", ""tcp.payload"", ""tcp.seq"", ""tcp.srcport"", ""udp.port"", ""udp.stream"", ""udp.time_delta"", ""dns.qry.name"", ""dns.qry.name.len"", ""dns.qry.qu"", ""dns.qry.type"", ""dns.retransmission"", ""dns.retransmit_request"", ""dns.retransmit_request_in"", ""mqtt.conack.flags"", ""mqtt.conflag.cleansess"", ""mqtt.conflags"", ""mqtt.hdrflags"", ""mqtt.len"", ""mqtt.msg_decoded_as"", ""mqtt.msg"", ""mqtt.msgtype"", ""mqtt.proto_len"", ""mqtt.protoname"", ""mqtt.topic"", ""mqtt.topic_len"", ""mqtt.ver"", ""mbtcp.len"", ""mbtcp.trans_id"", ""mbtcp.unit_id"", ""Attack_label"", ""Attack_type""]",utf-8,0.281735
Normal traffic/Distance/Distance.csv,Distance.csv,.csv,366056131,349.09833,0.340916,067fcf364a6c4e35a6aa436e6263466ef4c8f3f84c423d0aadf932f65d6e1ee5,CSV,1143540.0,63.0,"[""frame.time"", ""ip.src_host"", ""ip.dst_host"", ""arp.dst.proto_ipv4"", ""arp.opcode"", ""arp.hw.size"", ""arp.src.proto_ipv4"", ""icmp.checksum"", ""icmp.seq_le"", ""icmp.transmit_timestamp"", ""icmp.unused"", ""http.file_data"", ""http.content_length"", ""http.request.uri.query"", ""http.request.method"", ""http.referer"", ""http.request.full_uri"", ""http.request.version"", ""http.response"", ""http.tls_port"", ""tcp.ack"", ""tcp.ack_raw"", ""tcp.checksum"", ""tcp.connection.fin"", ""tcp.connection.rst"", ""tcp.connection.syn"", ""tcp.connection.synack"", ""tcp.dstport"", ""tcp.flags"", ""tcp.flags.ack"", ""tcp.len"", ""tcp.options"", ""tcp.payload"", ""tcp.seq"", ""tcp.srcport"", ""udp.port"", ""udp.stream"", ""udp.time_delta"", ""dns.qry.name"", ""dns.qry.name.len"", ""dns.qry.qu"", ""dns.qry.type"", ""dns.retransmission"", ""dns.retransmit_request"", ""dns.retransmit_request_in"", ""mqtt.conack.flags"", ""mqtt.conflag.cleansess"", ""mqtt.conflags"", ""mqtt.hdrflags"", ""mqtt.len"", ""mqtt.msg_decoded_as"", ""mqtt.msg"", ""mqtt.msgtype"", ""mqtt.proto_len"", ""mqtt.protoname"", ""mqtt.topic"", ""mqtt.topic_len"", ""mqtt.ver"", ""mbtcp.len"", ""mbtcp.trans_id"", ""mbtcp.unit_id"", ""Attack_label"", ""Attack_type""]",utf-8,14.704983
Normal traffic/Distance/Distance.pcap,Distance.pcap,.pcap,85424784,81.467422,0.079558,6b16348f1139dcb83c12e6855e7202f7ae5b77bbca8eed467ab0b6aa3ab78922,PCAP,,,[],,2.900331
Normal traffic/Flame_Sensor/Flame_Sensor.csv,Flame_Sensor.csv,.csv,343523471,327.609511,0.319931,e0f6812bd54e564d18e6f87d8d0566f86bde384f822d3252d7535f4239160528,CSV,1070196.0,63.0,"[""frame.time"", ""ip.src_host"", ""ip.dst_host"", ""arp.dst.proto_ipv4"", ""arp.opcode"", ""arp.hw.size"", ""arp.src.proto_ipv4"", ""icmp.checksum"", ""icmp.seq_le"", ""icmp.transmit_timestamp"", ""icmp.unused"", ""http.file_data"", ""http.content_length"", ""http.request.uri.query"", ""http.request.method"", ""http.referer"", ""http.request.full_uri"", ""http.request.version"", ""http.response"", ""http.tls_port"", ""tcp.ack"", ""tcp.ack_raw"", ""tcp.checksum"", ""tcp.connection.fin"", ""tcp.connection.rst"", ""tcp.connection.syn"", ""tcp.connection.synack"", ""tcp.dstport"", ""tcp.flags"", ""tcp.flags.ack"", ""tcp.len"", ""tcp.options"", ""tcp.payload"", ""tcp.seq"", ""tcp.srcport"", ""udp.port"", ""udp.stream"", ""udp.time_delta"", ""dns.qry.name"", ""dns.qry.name.len"", ""dns.qry.qu"", ""dns.qry.type"", ""dns.retransmission"", ""dns.retransmit_request"", ""dns.retransmit_request_in"", ""mqtt.conack.flags"", ""mqtt.conflag.cleansess"", ""mqtt.conflags"", ""mqtt.hdrflags"", ""mqtt.len"", ""mqtt.msg_decoded_as"", ""mqtt.msg"", ""mqtt.msgtype"", ""mqtt.proto_len"", ""mqtt.protoname"", ""mqtt.topic"", ""mqtt.topic_len"", ""mqtt.ver"", ""mbtcp.len"", ""mbtcp.trans_id"", ""mbtcp.unit_id"", ""Attack_label"", ""Attack_type""]",utf-8,12.643546
Normal traffic/Flame_Sensor/Flame_Sensor.pcap,Flame_Sensor.pcap,.pcap,79692841,76.001016,0.07422,57bf51ae5cd8848c688affee6b71f4b10a6bae4fa297aa18e57cf3ba85cdc2db,PCAP,,,[],,2.997813
Normal traffic/Heart_Rate/Heart_Rate.csv,Heart_Rate.csv,.csv,52569102,50.133802,0.048959,f5104511c7b67988ec67fc2f8262913b4ad6d4285db047500a04307491f4b9d5,CSV,165319.0,63.0,"[""frame.time"", ""ip.src_host"", ""ip.dst_host"", ""arp.dst.proto_ipv4"", ""arp.opcode"", ""arp.hw.size"", ""arp.src.proto_ipv4"", ""icmp.checksum"", ""icmp.seq_le"", ""icmp.transmit_timestamp"", ""icmp.unused"", ""http.file_data"", ""http.content_length"", ""http.request.uri.query"", ""http.request.method"", ""http.referer"", ""http.request.full_uri"", ""http.request.version"", ""http.response"", ""http.tls_port"", ""tcp.ack"", ""tcp.ack_raw"", ""tcp.checksum"", ""tcp.connection.fin"", ""tcp.connection.rst"", ""tcp.connection.syn"", ""tcp.connection.synack"", ""tcp.dstport"", ""tcp.flags"", ""tcp.flags.ack"", ""tcp.len"", ""tcp.options"", ""tcp.payload"", ""tcp.seq"", ""tcp.srcport"", ""udp.port"", ""udp.stream"", ""udp.time_delta"", ""dns.qry.name"", ""dns.qry.name.len"", ""dns.qry.qu"", ""dns.qry.type"", ""dns.retransmission"", ""dns.retransmit_request"", ""dns.retransmit_request_in"", ""mqtt.conack.flags"", ""mqtt.conflag.cleansess"", ""mqtt.conflags"", ""mqtt.hdrflags"", ""mqtt.len"", ""mqtt.msg_decoded_as"", ""mqtt.msg"", ""mqtt.msgtype"", ""mqtt.proto_len"", ""mqtt.protoname"", ""mqtt.topic"", ""mqtt.topic_len"", ""mqtt.ver"", ""mbtcp.len"", ""mbtcp.trans_id"", ""mbtcp.unit_id"", ""Attack_label"", ""Attack_type""]",utf-8,2.127169
Normal traffic/Heart_Rate/Heart_Rate.pcap,Heart_Rate.pcap,.pcap,12840229,12.245397,0.011958,45af68c5dc56f1e135102069ee6d86a62e5d2b14dd23cac0bee39dcc40e832fb,PCAP,,,[],,0.583675
Normal traffic/IR_Receiver/IR_Receiver.csv,IR_Receiver.csv,.csv,412738438,393.618048,0.384393,40325a578b4edc4714eef585095a1f92e1cc076e510ad93edc3507dea8e4eef7,CSV,1307778.0,63.0,"[""frame.time"", ""ip.src_host"", ""ip.dst_host"", ""arp.dst.proto_ipv4"", ""arp.opcode"", ""arp.hw.size"", ""arp.src.proto_ipv4"", ""icmp.checksum"", ""icmp.seq_le"", ""icmp.transmit_timestamp"", ""icmp.unused"", ""http.file_data"", ""http.content_length"", ""http.request.uri.query"", ""http.request.method"", ""http.referer"", ""http.request.full_uri"", ""http.request.version"", ""http.response"", ""http.tls_port"", ""tcp.ack"", ""tcp.ack_raw"", ""tcp.checksum"", ""tcp.connection.fin"", ""tcp.connection.rst"", ""tcp.connection.syn"", ""tcp.connection.synack"", ""tcp.dstport"", ""tcp.flags"", ""tcp.flags.ack"", ""tcp.len"", ""tcp.options"", ""tcp.payload"", ""tcp.seq"", ""tcp.srcport"", ""udp.port"", ""udp.stream"", ""udp.time_delta"", ""dns.qry.name"", ""dns.qry.name.len"", ""dns.qry.qu"", ""dns.qry.type"", ""dns.retransmission"", ""dns.retransmit_request"", ""dns.retransmit_request_in"", ""mqtt.conack.flags"", ""mqtt.conflag.cleansess"", ""mqtt.conflags"", ""mqtt.hdrflags"", ""mqtt.len"", ""mqtt.msg_decoded_as"", ""mqtt.msg"", ""mqtt.msgtype"", ""mqtt.proto_len"", ""mqtt.protoname"", ""mqtt.topic"", ""mqtt.topic_len"", ""mqtt.ver"", ""mbtcp.len"", ""mbtcp.trans_id"", ""mbtcp.unit_id"", ""Attack_label"", ""Attack_type""]",utf-8,15.941262
Normal traffic/IR_Receiver/IR_Receiver.pcap,IR_Receiver.pcap,.pcap,96912648,92.423103,0.090257,bcaa33d74dc03e34b7d6ed3f427cc69c6457f2c0ad52b4deab2861526209ec84,PCAP,,,[],,4.001963
Normal traffic/Modbus/Modbus.csv,Modbus.csv,.csv,67899662,64.754164,0.063236,6ae11be7ebd506429f43a0ebb7aa38e836ffea39165fc0247e2a6c96c019c37a,CSV,159502.0,63.0,"[""frame.time"", ""ip.src_host"", ""ip.dst_host"", ""arp.dst.proto_ipv4"", ""arp.opcode"", ""arp.hw.size"", ""arp.src.proto_ipv4"", ""icmp.checksum"", ""icmp.seq_le"", ""icmp.transmit_timestamp"", ""icmp.unused"", ""http.file_data"", ""http.content_length"", ""http.request.uri.query"", ""http.request.method"", ""http.referer"", ""http.request.full_uri"", ""http.request.version"", ""http.response"", ""http.tls_port"", ""tcp.ack"", ""tcp.ack_raw"", ""tcp.checksum"", ""tcp.connection.fin"", ""tcp.connection.rst"", ""tcp.connection.syn"", ""tcp.connection.synack"", ""tcp.dstport"", ""tcp.flags"", ""tcp.flags.ack"", ""tcp.len"", ""tcp.options"", ""tcp.payload"", ""tcp.seq"", ""tcp.srcport"", ""udp.port"", ""udp.stream"", ""udp.time_delta"", ""dns.qry.name"", ""dns.qry.name.len"", ""dns.qry.qu"", ""dns.qry.type"", ""dns.retransmission"", ""dns.retransmit_request"", ""dns.retransmit_request_in"", ""mqtt.conack.flags"", ""mqtt.conflag.cleansess"", ""mqtt.conflags"", ""mqtt.hdrflags"", ""mqtt.len"", ""mqtt.msg_decoded_as"", ""mqtt.msg"", ""mqtt.msgtype"", ""mqtt.proto_len"", ""mqtt.protoname"", ""mqtt.topic"", ""mqtt.topic_len"", ""mqtt.ver"", ""mbtcp.len"", ""mbtcp.trans_id"", ""mbtcp.unit_id"", ""Attack_label"", ""Attack_type""]",utf-8,3.493363
Normal traffic/Modbus/Modbus.pcap,Modbus.pcap,.pcap,21040950,20.066214,0.019596,1e9d186b5846402cd52e6048a39423f104cb19d68de501ad0a0ac8dbb2cc63c9,PCAP,,,[],,1.123705
Normal traffic/Soil_Moisture/Soil_Moisture.csv,Soil_Moisture.csv,.csv,381588722,363.911364,0.355382,d3bf5662fd28b515e29c2b1b296b3b79ffc415836cb5a5da1666e164c099c440,CSV,1192777.0,63.0,"[""frame.time"", ""ip.src_host"", ""ip.dst_host"", ""arp.dst.proto_ipv4"", ""arp.opcode"", ""arp.hw.size"", ""arp.src.proto_ipv4"", ""icmp.checksum"", ""icmp.seq_le"", ""icmp.transmit_timestamp"", ""icmp.unused"", ""http.file_data"", ""http.content_length"", ""http.request.uri.query"", ""http.request.method"", ""http.referer"", ""http.request.full_uri"", ""http.request.version"", ""http.response"", ""http.tls_port"", ""tcp.ack"", ""tcp.ack_raw"", ""tcp.checksum"", ""tcp.connection.fin"", ""tcp.connection.rst"", ""tcp.connection.syn"", ""tcp.connection.synack"", ""tcp.dstport"", ""tcp.flags"", ""tcp.flags.ack"", ""tcp.len"", ""tcp.options"", ""tcp.payload"", ""tcp.seq"", ""tcp.srcport"", ""udp.port"", ""udp.stream"", ""udp.time_delta"", ""dns.qry.name"", ""dns.qry.name.len"", ""dns.qry.qu"", ""dns.qry.type"", ""dns.retransmission"", ""dns.retransmit_request"", ""dns.retransmit_request_in"", ""mqtt.conack.flags"", ""mqtt.conflag.cleansess"", ""mqtt.conflags"", ""mqtt.hdrflags"", ""mqtt.len"", ""mqtt.msg_decoded_as"", ""mqtt.msg"", ""mqtt.msgtype"", ""mqtt.proto_len"", ""mqtt.protoname"", ""mqtt.topic"", ""mqtt.topic_len"", ""mqtt.ver"", ""mbtcp.len"", ""mbtcp.trans_id"", ""mbtcp.unit_id"", ""Attack_label"", ""Attack_type""]",utf-8,16.771428
Normal traffic/Soil_Moisture/Soil_Moisture.pcap,Soil_Moisture.pcap,.pcap,89832523,85.67097,0.083663,7d8d1304aa403e0b937eb475e637d8466101999c93c0052164a056f3abef00d1,PCAP,,,[],,4.446671
Normal traffic/Sound_Sensor/Sound_Sensor.csv,Sound_Sensor.csv,.csv,478970099,456.781482,0.446076,1ac318ea539be09ac0ae4c9ae6d7e0e2d0013633131354c37d4f76663c3dc52b,CSV,1512883.0,63.0,"[""frame.time"", ""ip.src_host"", ""ip.dst_host"", ""arp.dst.proto_ipv4"", ""arp.opcode"", ""arp.hw.size"", ""arp.src.proto_ipv4"", ""icmp.checksum"", ""icmp.seq_le"", ""icmp.transmit_timestamp"", ""icmp.unused"", ""http.file_data"", ""http.content_length"", ""http.request.uri.query"", ""http.request.method"", ""http.referer"", ""http.request.full_uri"", ""http.request.version"", ""http.response"", ""http.tls_port"", ""tcp.ack"", ""tcp.ack_raw"", ""tcp.checksum"", ""tcp.connection.fin"", ""tcp.connection.rst"", ""tcp.connection.syn"", ""tcp.connection.synack"", ""tcp.dstport"", ""tcp.flags"", ""tcp.flags.ack"", ""tcp.len"", ""tcp.options"", ""tcp.payload"", ""tcp.seq"", ""tcp.srcport"", ""udp.port"", ""udp.stream"", ""udp.time_delta"", ""dns.qry.name"", ""dns.qry.name.len"", ""dns.qry.qu"", ""dns.qry.type"", ""dns.retransmission"", ""dns.retransmit_request"", ""dns.retransmit_request_in"", ""mqtt.conack.flags"", ""mqtt.conflag.cleansess"", ""mqtt.conflags"", ""mqtt.hdrflags"", ""mqtt.len"", ""mqtt.msg_decoded_as"", ""mqtt.msg"", ""mqtt.msgtype"", ""mqtt.proto_len"", ""mqtt.protoname"", ""mqtt.topic"", ""mqtt.topic_len"", ""mqtt.ver"", ""mbtcp.len"", ""mbtcp.trans_id"", ""mbtcp.unit_id"", ""Attack_label"", ""Attack_type""]",utf-8,20.287364
Normal traffic/Sound_Sensor/Sound_Sensor.pcap,Sound_Sensor.pcap,.pcap,112118593,106.924623,0.104419,8e33158f8fa935e48852ba4a1a5c760588aacecbf1427cf7a3b6ec90b0ebc276,PCAP,,,[],,4.471714
Normal traffic/Temperature_and_Humidity/Temperature_and_Humidity.csv,Temperature_and_Humidity.csv,.csv,922587674,879.848169,0.859227,2b48ddce8f1d60dbd0d189568c614ee04d4bc57b65f1c9089ea731b1a02a0c21,CSV,1615722.0,63.0,"[""frame.time"", ""ip.src_host"", ""ip.dst_host"", ""arp.dst.proto_ipv4"", ""arp.opcode"", ""arp.hw.size"", ""arp.src.proto_ipv4"", ""icmp.checksum"", ""icmp.seq_le"", ""icmp.transmit_timestamp"", ""icmp.unused"", ""http.file_data"", ""http.content_length"", ""http.request.uri.query"", ""http.request.method"", ""http.referer"", ""http.request.full_uri"", ""http.request.version"", ""http.response"", ""http.tls_port"", ""tcp.ack"", ""tcp.ack_raw"", ""tcp.checksum"", ""tcp.connection.fin"", ""tcp.connection.rst"", ""tcp.connection.syn"", ""tcp.connection.synack"", ""tcp.dstport"", ""tcp.flags"", ""tcp.flags.ack"", ""tcp.len"", ""tcp.options"", ""tcp.payload"", ""tcp.seq"", ""tcp.srcport"", ""udp.port"", ""udp.stream"", ""udp.time_delta"", ""dns.qry.name"", ""dns.qry.name.len"", ""dns.qry.qu"", ""dns.qry.type"", ""dns.retransmission"", ""dns.retransmit_request"", ""dns.retransmit_request_in"", ""mqtt.conack.flags"", ""mqtt.conflag.cleansess"", ""mqtt.conflags"", ""mqtt.hdrflags"", ""mqtt.len"", ""mqtt.msg_decoded_as"", ""mqtt.msg"", ""mqtt.msgtype"", ""mqtt.proto_len"", ""mqtt.protoname"", ""mqtt.topic"", ""mqtt.topic_len"", ""mqtt.ver"", ""mbtcp.len"", ""mbtcp.trans_id"", ""mbtcp.unit_id"", ""Attack_label"", ""Attack_type""]",utf-8,37.272901
Normal traffic/Temperature_and_Humidity/Temperature_and_Humidity.pcap,Temperature_and_Humidity.pcap,.pcap,345868816,329.846207,0.322115,2b37027b1575f1d5bba7ab6cf87503df303ea2c9ab07a69b20f8d0f28696da6f,PCAP,,,[],,7.304817
Normal traffic/Water_Level/Water_Level.csv,Water_Level.csv,.csv,731458402,697.573092,0.681224,19153cba2da0c69e2fd4f682a9e872af787fd04af5d7806cebb2ec01a6d83025,CSV,2295288.0,63.0,"[""frame.time"", ""ip.src_host"", ""ip.dst_host"", ""arp.dst.proto_ipv4"", ""arp.opcode"", ""arp.hw.size"", ""arp.src.proto_ipv4"", ""icmp.checksum"", ""icmp.seq_le"", ""icmp.transmit_timestamp"", ""icmp.unused"", ""http.file_data"", ""http.content_length"", ""http.request.uri.query"", ""http.request.method"", ""http.referer"", ""http.request.full_uri"", ""http.request.version"", ""http.response"", ""http.tls_port"", ""tcp.ack"", ""tcp.ack_raw"", ""tcp.checksum"", ""tcp.connection.fin"", ""tcp.connection.rst"", ""tcp.connection.syn"", ""tcp.connection.synack"", ""tcp.dstport"", ""tcp.flags"", ""tcp.flags.ack"", ""tcp.len"", ""tcp.options"", ""tcp.payload"", ""tcp.seq"", ""tcp.srcport"", ""udp.port"", ""udp.stream"", ""udp.time_delta"", ""dns.qry.name"", ""dns.qry.name.len"", ""dns.qry.qu"", ""dns.qry.type"", ""dns.retransmission"", ""dns.retransmit_request"", ""dns.retransmit_request_in"", ""mqtt.conack.flags"", ""mqtt.conflag.cleansess"", ""mqtt.conflags"", ""mqtt.hdrflags"", ""mqtt.len"", ""mqtt.msg_decoded_as"", ""mqtt.msg"", ""mqtt.msgtype"", ""mqtt.proto_len"", ""mqtt.protoname"", ""mqtt.topic"", ""mqtt.topic_len"", ""mqtt.ver"", ""mbtcp.len"", ""mbtcp.trans_id"", ""mbtcp.unit_id"", ""Attack_label"", ""Attack_type""]",utf-8,26.056594
