accuracy,precision,attack_recall,f1,roc_auc,pr_auc,mcc,specificity,tp,tn,fp,fn,false_positive_rate,false_negative_rate,confusion_matrix,dataset,seed,threshold,best_epoch,epochs,preprocessing_seconds,training_seconds,inference_seconds,test_seconds,total_seconds,feature_count,leakage_alarm,device,ram_mb
0.9781933333333334,0.9876595207008382,0.9893610288792164,0.9885095425947849,0.9930608561931781,0.9996238265779478,0.7752362163765344,0.7742391164761783,140700,6029,1758,1513,0.22576088352382176,0.010638971120783613,"[[6029, 1758], [1513, 140700]]",cic_iot_2023,42,0.5,14,15,5.215278148651123,220.42433047294617,0.10533523559570312,0.10533523559570312,225.744943857193,36,False,cpu,1266.3125
0.9782133333333334,0.9885789033215419,0.9884398753981704,0.988509384471495,0.9930149275135007,0.999621347164283,0.7789423347575618,0.791447283934763,140569,6163,1624,1644,0.20855271606523693,0.01156012460182965,"[[6163, 1624], [1644, 140569]]",cic_iot_2023,123,0.5,15,15,5.310669660568237,253.7965054512024,0.10531353950500488,0.10531353950500488,259.21248865127563,36,False,cpu,1260.8203125
0.9782066666666667,0.9869896814715119,0.9900641994754348,0.9885245498808224,0.9930243223855733,0.999621838461886,0.7728557960812853,0.7616540387825863,140800,5931,1856,1413,0.23834596121741364,0.009935800524565264,"[[5931, 1856], [1413, 140800]]",cic_iot_2023,2026,0.5,14,15,5.3960371017456055,295.74580454826355,0.11286807060241699,0.11286807060241699,301.2547097206116,36,False,cpu,1262.24609375
1.0,1.0,1.0,1.0,1.0,1.0,1.0,1.0,66316,83684,0,0,0.0,0.0,"[[83684, 0], [0, 66316]]",edge_iiotset,42,0.5,14,15,16.19234800338745,277.58088517189026,0.08698797225952148,0.08698797225952148,293.86022114753723,38,True,cpu,1215.6640625
1.0,1.0,1.0,1.0,1.0,1.0,1.0,1.0,66316,83684,0,0,0.0,0.0,"[[83684, 0], [0, 66316]]",edge_iiotset,123,0.5,15,15,16.61374044418335,248.63700032234192,0.07195425033569336,0.07195425033569336,265.32269501686096,38,True,cpu,1220.37109375
1.0,1.0,1.0,1.0,1.0,1.0,1.0,1.0,66316,83684,0,0,0.0,0.0,"[[83684, 0], [0, 66316]]",edge_iiotset,2026,0.5,9,12,9.270832777023315,151.333163022995,0.15600371360778809,0.15600371360778809,160.7599995136261,38,True,cpu,1210.05078125
0.9913898708480627,0.9928376382112002,0.9961374354367842,0.9944847995695454,0.9984319611484335,0.9995313418579437,0.9748925588484562,0.974627339042182,22179,6146,160,86,0.02537266095781795,0.0038625645632158097,"[[6146, 160], [86, 22179]]",ton_iot,42,0.5,15,15,1.5874614715576172,55.54994082450867,0.02416825294494629,0.02416825294494629,57.16157054901123,50,True,cpu,670.22265625
0.9897798466977005,0.9924252610819775,0.9944756344037727,0.9934493898061737,0.9982810492276203,0.9994875679603585,0.9702228777638752,0.9732001268633048,22142,6137,169,123,0.026799873136695213,0.005524365596227263,"[[6137, 169], [123, 22142]]",ton_iot,123,0.5,15,15,0.7795999050140381,42.41059923171997,0.011048078536987305,0.011048078536987305,43.201247215270996,50,True,cpu,685.73046875
0.9913898708480627,0.992705303199821,0.9962721760610824,0.9944855413584398,0.9984466830466481,0.9995324762782842,0.9748886731310242,0.974151601649223,22182,6143,163,83,0.025848398350777037,0.0037278239389175838,"[[6143, 163], [83, 22182]]",ton_iot,2026,0.5,15,15,0.9531257152557373,41.460999488830566,0.011740922927856445,0.011740922927856445,42.42586612701416,50,True,cpu,671.2265625
