accuracy,precision,attack_recall,specificity,f1,roc_auc,pr_auc,mcc,tp,tn,fp,fn,false_positive_rate,false_negative_rate,dataset,seed,attack,budget,subset_N,attack_success_rate,robust_attack_recall,clean_to_adv_attack_recall_drop,clean_to_adv_F1_drop,clean_to_adv_MCC_drop,clean_to_adv_accuracy_drop,mean_Linf,mean_L2,mean_changed_features,projection_collapse_rate,semantic_constraint_violations,attack_generation_seconds,runtime_seconds,adversarial_samples_per_second,raw_attackable_features,transformed_mutable_indexes,epsilon_vector_hash,checkpoint_hash,adversarial_sample_seed,validation_sanity
0.97825,0.9890713267514915,0.9879759519038076,0.8005780346820809,0.9885233358837031,0.9926030440355409,0.9995993196337106,0.7811289745575484,18734,831,207,228,0.1994219653179191,0.012024048096192385,cic_iot_2023,42,FGSM,0.01,20000,0.00021346995410395986,0.9879759519038076,0.0002109482122139017,0.00010673244140835259,0.0016061244961182997,0.000200000000000089,0.12119964510202408,0.12119964510202408,0.9481,0.0519,0,0.07374238967895508,0.07374238967895508,257138.39872226786,['Time_To_Live'],[1],fc22d6b263308357afd99d2b2b012f6620ac92381b472d2201d61ca2dede00d0,77be91bd336ed505fb3caf4855467baf767224c73981bc3a7dd94a415d6d94d4,314159,False
0.97745,0.9890620871862615,0.987132159054952,0.8005780346820809,0.9880961807480139,0.9923244216858828,0.9995842103392538,0.7747918386114122,18718,831,207,244,0.1994219653179191,0.012867840945047991,cic_iot_2023,42,FGSM,0.03,20000,0.0010673497705197994,0.987132159054952,0.0010547410610695085,0.0005338875770976026,0.007943260442254463,0.0010000000000000009,0.3513363003730774,0.3513363003730774,0.9481,0.0519,0,0.036485910415649414,0.036485910415649414,519707.46471676044,['Time_To_Live'],[1],9b63c59148ea6b16c1f783b06d5805e242c29c836e03c7f22cf846cee9cd92d9,77be91bd336ed505fb3caf4855467baf767224c73981bc3a7dd94a415d6d94d4,314159,False
0.9766,0.989052253014597,0.986235629153043,0.8005780346820809,0.9876419329284394,0.9920952847790705,0.9995716816193013,0.7682074686946269,18701,831,207,261,0.1994219653179191,0.013764370846957072,cic_iot_2023,42,FGSM,0.05,20000,0.001974597075461629,0.986235629153043,0.0019512709629785352,0.0009881353966720852,0.014527630359039811,0.0018500000000000183,0.5791581869125366,0.5791581869125366,0.9481,0.0519,0,0.026813268661499023,0.026813268661499023,707187.1855454682,['Time_To_Live'],[1],0d6b82fdfebe4ad798e300de3da52faace6409eb8e71e9b684533f8650947431,77be91bd336ed505fb3caf4855467baf767224c73981bc3a7dd94a415d6d94d4,314159,False
0.97825,0.9890713267514915,0.9879759519038076,0.8005780346820809,0.9885233358837031,0.9926011133919803,0.9995992218535052,0.7811289745575484,18734,831,207,228,0.1994219653179191,0.012024048096192385,cic_iot_2023,42,PGD,0.01,20000,0.00021346995410395986,0.9879759519038076,0.0002109482122139017,0.00010673244140835259,0.0016061244961182997,0.000200000000000089,0.12098978459835052,0.12098978459835052,0.9481,0.0519,0,0.4039745330810547,0.4039745330810547,46938.60242966208,['Time_To_Live'],[1],fc22d6b263308357afd99d2b2b012f6620ac92381b472d2201d61ca2dede00d0,77be91bd336ed505fb3caf4855467baf767224c73981bc3a7dd94a415d6d94d4,314159,False
0.97745,0.9890620871862615,0.987132159054952,0.8005780346820809,0.9880961807480139,0.9923025749298008,0.9995830743699344,0.7747918386114122,18718,831,207,244,0.1994219653179191,0.012867840945047991,cic_iot_2023,42,PGD,0.03,20000,0.0010673497705197994,0.987132159054952,0.0010547410610695085,0.0005338875770976026,0.007943260442254463,0.0010000000000000009,0.34984302520751953,0.34984302520751953,0.9481,0.0519,0,0.4159095287322998,0.4159095287322998,45591.64599521569,['Time_To_Live'],[1],9b63c59148ea6b16c1f783b06d5805e242c29c836e03c7f22cf846cee9cd92d9,77be91bd336ed505fb3caf4855467baf767224c73981bc3a7dd94a415d6d94d4,314159,False
0.9766,0.989052253014597,0.986235629153043,0.8005780346820809,0.9876419329284394,0.9920221743558103,0.9995678779722874,0.7682074686946269,18701,831,207,261,0.1994219653179191,0.013764370846957072,cic_iot_2023,42,PGD,0.05,20000,0.001974597075461629,0.986235629153043,0.0019512709629785352,0.0009881353966720852,0.014527630359039811,0.0018500000000000183,0.5754418969154358,0.5754418969154358,0.9481,0.0519,0,0.55303955078125,0.55303955078125,34286.878710959056,['Time_To_Live'],[1],0d6b82fdfebe4ad798e300de3da52faace6409eb8e71e9b684533f8650947431,77be91bd336ed505fb3caf4855467baf767224c73981bc3a7dd94a415d6d94d4,314159,False
0.9791,0.9905301026346418,0.9873958443202194,0.8275529865125241,0.9889604901753645,0.992689770576545,0.9996041794302304,0.7936262779869241,18723,859,179,239,0.1724470134874759,0.012604155679780614,cic_iot_2023,123,FGSM,0.01,20000,0.0005871677164513718,0.9873958443202194,0.0005801075835881742,0.000293635237176737,0.004341106718086074,0.0005500000000000504,0.12119375914335251,0.12119375914335251,0.9481,0.0519,0,0.02512192726135254,0.02512192726135254,754798.7780846359,['Time_To_Live'],[1],fc22d6b263308357afd99d2b2b012f6620ac92381b472d2201d61ca2dede00d0,0c91445afd5b6ccf989e21727df1a490a63dffeda14c3eb5e14bf906631fddea,314159,False
0.97855,0.9905245884283521,0.9868157367366311,0.8275529865125241,0.9886666842786569,0.9923661845544858,0.999586669621098,0.7893481338008347,18712,859,179,250,0.1724470134874759,0.013184263263368842,cic_iot_2023,123,FGSM,0.03,20000,0.0011743354329027437,0.9868157367366311,0.0011602151671764593,0.0005874411338843144,0.00861925090417548,0.0010999999999999899,0.3513541519641876,0.3513541519641876,0.9481,0.0519,0,0.02315354347229004,0.02315354347229004,818967.5166867464,['Time_To_Live'],[1],9b63c59148ea6b16c1f783b06d5805e242c29c836e03c7f22cf846cee9cd92d9,0c91445afd5b6ccf989e21727df1a490a63dffeda14c3eb5e14bf906631fddea,314159,False
0.9779,0.9905180633541689,0.986130155046936,0.8275529865125241,0.9883192389006342,0.9921240412068432,0.9995735180804081,0.7843712134665216,18699,859,179,263,0.1724470134874759,0.013869844953064023,cic_iot_2023,123,FGSM,0.05,20000,0.00197501868260916,0.986130155046936,0.0018457968568715843,0.0009348865119069849,0.013596171238488552,0.0017500000000000293,0.5791903138160706,0.5791903138160706,0.9481,0.0519,0,0.019542455673217773,0.019542455673217773,970297.7106396477,['Time_To_Live'],[1],0d6b82fdfebe4ad798e300de3da52faace6409eb8e71e9b684533f8650947431,0c91445afd5b6ccf989e21727df1a490a63dffeda14c3eb5e14bf906631fddea,314159,False
0.9791,0.9905301026346418,0.9873958443202194,0.8275529865125241,0.9889604901753645,0.9926889068675835,0.9996041329644703,0.7936262779869241,18723,859,179,239,0.1724470134874759,0.012604155679780614,cic_iot_2023,123,PGD,0.01,20000,0.0005871677164513718,0.9873958443202194,0.0005801075835881742,0.000293635237176737,0.004341106718086074,0.0005500000000000504,0.12101190537214279,0.12101190537214279,0.9481,0.0519,0,0.5036299228668213,0.5036299228668213,37650.66200209527,['Time_To_Live'],[1],fc22d6b263308357afd99d2b2b012f6620ac92381b472d2201d61ca2dede00d0,0c91445afd5b6ccf989e21727df1a490a63dffeda14c3eb5e14bf906631fddea,314159,False
0.97855,0.9905245884283521,0.9868157367366311,0.8275529865125241,0.9886666842786569,0.992353940209798,0.9995860163308965,0.7893481338008347,18712,859,179,250,0.1724470134874759,0.013184263263368842,cic_iot_2023,123,PGD,0.03,20000,0.0011743354329027437,0.9868157367366311,0.0011602151671764593,0.0005874411338843144,0.00861925090417548,0.0010999999999999899,0.3498896062374115,0.3498896062374115,0.9481,0.0519,0,0.633328914642334,0.633328914642334,29940.208889260324,['Time_To_Live'],[1],9b63c59148ea6b16c1f783b06d5805e242c29c836e03c7f22cf846cee9cd92d9,0c91445afd5b6ccf989e21727df1a490a63dffeda14c3eb5e14bf906631fddea,314159,False
0.9778,0.9905170586988769,0.9860246809408291,0.8275529865125241,0.9882657645752947,0.9920753686665491,0.9995709156966878,0.7836129899934992,18697,859,179,265,0.1724470134874759,0.013975319059170974,cic_iot_2023,123,PGD,0.05,20000,0.00197501868260916,0.9860246809408291,0.0019512709629785352,0.0009883608372465158,0.01435439471151101,0.0018500000000000183,0.5753958225250244,0.5753958225250244,0.9481,0.0519,0,0.3683953285217285,0.3683953285217285,51471.8796139175,['Time_To_Live'],[1],0d6b82fdfebe4ad798e300de3da52faace6409eb8e71e9b684533f8650947431,0c91445afd5b6ccf989e21727df1a490a63dffeda14c3eb5e14bf906631fddea,314159,False
0.9786,0.9889721401435204,0.9884505853812889,0.7986512524084779,0.9887112939811151,0.9926635036628373,0.9996028740626024,0.7835442160948446,18743,829,209,219,0.20134874759152216,0.011549414618711106,cic_iot_2023,2026,FGSM,0.01,20000,0.0006398293788323114,0.9884505853812889,0.0006328446366417051,0.00031997744218292823,0.004908881781525376,0.0005999999999999339,0.12122248858213425,0.12122248858213425,0.9481,0.0519,0,0.030647754669189453,0.030647754669189453,618707.6412179298,['Time_To_Live'],[1],fc22d6b263308357afd99d2b2b012f6620ac92381b472d2201d61ca2dede00d0,fabfb95294b34fbaf6e7e6603bfc3a99e46dad94ab783f808679a092b6c14f3a,314159,False
0.97815,0.9889669007021064,0.9879759519038076,0.7986512524084779,0.9884711779448622,0.9923726877749008,0.999587103706398,0.779916011394091,18734,829,209,228,0.20134874759152216,0.012024048096192385,cic_iot_2023,2026,FGSM,0.03,20000,0.0011730205278592375,0.9879759519038076,0.0011074781141230394,0.0005600934784358857,0.008537086482279022,0.0010499999999999954,0.35136866569519043,0.35136866569519043,0.9481,0.0519,0,0.02162909507751465,0.02162909507751465,876689.4746194292,['Time_To_Live'],[1],9b63c59148ea6b16c1f783b06d5805e242c29c836e03c7f22cf846cee9cd92d9,fabfb95294b34fbaf6e7e6603bfc3a99e46dad94ab783f808679a092b6c14f3a,314159,False
0.9773,0.9889569903835993,0.9870794220018986,0.7986512524084779,0.9880173141891891,0.9921441605450025,0.9995746119327223,0.7731840695281664,18717,829,209,245,0.20134874759152216,0.012920577998101467,cic_iot_2023,2026,FGSM,0.05,20000,0.002079445481205012,0.9870794220018986,0.002004008016032066,0.0010139572341089087,0.01526902834820354,0.0019000000000000128,0.5791929364204407,0.5791929364204407,0.9481,0.0519,0,0.04944467544555664,0.04944467544555664,383499.3319124724,['Time_To_Live'],[1],0d6b82fdfebe4ad798e300de3da52faace6409eb8e71e9b684533f8650947431,fabfb95294b34fbaf6e7e6603bfc3a99e46dad94ab783f808679a092b6c14f3a,314159,False
0.9786,0.9889721401435204,0.9884505853812889,0.7986512524084779,0.9887112939811151,0.9926617254385051,0.9996027813696464,0.7835442160948446,18743,829,209,219,0.20134874759152216,0.011549414618711106,cic_iot_2023,2026,PGD,0.01,20000,0.0006398293788323114,0.9884505853812889,0.0006328446366417051,0.00031997744218292823,0.004908881781525376,0.0005999999999999339,0.12102506309747696,0.12102506309747696,0.9481,0.0519,0,0.5087370872497559,0.5087370872497559,37272.69050210001,['Time_To_Live'],[1],fc22d6b263308357afd99d2b2b012f6620ac92381b472d2201d61ca2dede00d0,fabfb95294b34fbaf6e7e6603bfc3a99e46dad94ab783f808679a092b6c14f3a,314159,False
0.9781,0.9889663182346109,0.9879232148507542,0.7986512524084779,0.9884444913465598,0.9923507902124094,0.9995859516796964,0.7795156570758387,18733,829,209,229,0.20134874759152216,0.01207678514924586,cic_iot_2023,2026,PGD,0.03,20000,0.0011730205278592375,0.9879232148507542,0.0011602151671764593,0.0005867800767382914,0.008937440800531271,0.0010999999999999899,0.34972769021987915,0.34972769021987915,0.94805,0.05195,0,0.44329214096069336,0.44329214096069336,42775.40305340391,['Time_To_Live'],[1],9b63c59148ea6b16c1f783b06d5805e242c29c836e03c7f22cf846cee9cd92d9,fabfb95294b34fbaf6e7e6603bfc3a99e46dad94ab783f808679a092b6c14f3a,314159,False
0.97725,0.9889564068692206,0.987026684948845,0.7986512524084779,0.9879906036371314,0.9920606348077963,0.9995702334611156,0.7727929109988403,18716,829,209,246,0.20134874759152216,0.012973315051154942,cic_iot_2023,2026,PGD,0.05,20000,0.002079445481205012,0.987026684948845,0.002056745069085597,0.001040667786166627,0.01566018687752968,0.0019500000000000073,0.5749818086624146,0.5749818086624146,0.94805,0.05195,0,0.5158162117004395,0.5158162117004395,36761.15556254015,['Time_To_Live'],[1],0d6b82fdfebe4ad798e300de3da52faace6409eb8e71e9b684533f8650947431,fabfb95294b34fbaf6e7e6603bfc3a99e46dad94ab783f808679a092b6c14f3a,314159,False
0.9894,1.0,0.9760235240895725,1.0,0.9878663003663004,1.0,1.0,0.9786853531070296,8630,11158,0,212,0.0,0.023976475910427505,edge_iiotset,42,FGSM,0.01,20000,0.023976475910427505,0.9760235240895725,0.023976475910427508,0.01213369963369959,0.021314646892970357,0.010600000000000054,2.6556284427642822,2.6556284427642822,0.4421,0.5579,0,0.011880874633789062,0.011880874633789062,744221.3029378712,['udp.time_delta'],[9],a02465842b8f9b482a5b6d2c2b2ef2527ada5bf45d3a4fd6842ddb3bb845cfb1,5965d87ce0f0151c1335322e7af0f73d73013a9c5d9b92121eaa515ca9076e12,314159,False
0.34417086110733236,1.0,0.0004900390146446275,1.0,0.0009795979880564399,0.5242563726553783,0.61576246301502,0.012982826328136647,26,27804,0,53031,0.0,0.9995099609853554,edge_iiotset,42,FGSM,0.03,80861,0.9995099609853554,0.0004900390146446275,0.9995099609853554,0.9990204020119435,0.9870171736718634,0.6558291388926676,11.824198722839355,11.824198722839355,0.6561506783245322,0.3438493216754678,0,0.07970404624938965,0.07970404624938965,665675.1130800501,['udp.time_delta'],[9],37e61df9da7dfd0ba6b520f8316a81b65db5e62a6768d18a5e67fab1c7119857,5965d87ce0f0151c1335322e7af0f73d73013a9c5d9b92121eaa515ca9076e12,314159,False
0.34417086110733236,1.0,0.0004900390146446275,1.0,0.0009795979880564399,0.00523200487792806,0.44204768763309993,0.012982826328136647,26,27804,0,53031,0.0,0.9995099609853554,edge_iiotset,42,FGSM,0.05,80861,0.9995099609853554,0.0004900390146446275,0.9995099609853554,0.9990204020119435,0.9870171736718634,0.6558291388926676,19.706987380981445,19.706987380981445,0.6561506783245322,0.3438493216754678,0,0.09093570709228516,0.09093570709228516,583456.17685862,['udp.time_delta'],[9],e4b2e70c6e6bb07cbe001032fae6532a9e0c39b723ebcb13437e45dd21e5bb15,5965d87ce0f0151c1335322e7af0f73d73013a9c5d9b92121eaa515ca9076e12,314159,False
0.9973782169401813,1.0,0.9960042972652053,1.0,0.9979981492323091,1.0,1.0,0.9942169927403623,52845,27804,0,212,0.0,0.003995702734794655,edge_iiotset,42,PGD,0.01,80861,0.003995702734794655,0.9960042972652053,0.003995702734794659,0.0020018507676908825,0.005783007259637651,0.0026217830598187497,3.941399335861206,3.941399335861206,0.6561506783245322,0.3438493216754678,0,2.4699862003326416,2.4699862003326416,21480.686812280423,['udp.time_delta'],[9],a02465842b8f9b482a5b6d2c2b2ef2527ada5bf45d3a4fd6842ddb3bb845cfb1,5965d87ce0f0151c1335322e7af0f73d73013a9c5d9b92121eaa515ca9076e12,314159,False
0.34417086110733236,1.0,0.0004900390146446275,1.0,0.0009795979880564399,0.5242563726553783,0.61576246301502,0.012982826328136647,26,27804,0,53031,0.0,0.9995099609853554,edge_iiotset,42,PGD,0.03,80861,0.9995099609853554,0.0004900390146446275,0.9995099609853554,0.9990204020119435,0.9870171736718634,0.6558291388926676,11.824198722839355,11.824198722839355,0.6561506783245322,0.3438493216754678,0,2.413651466369629,2.413651466369629,21982.047010210215,['udp.time_delta'],[9],37e61df9da7dfd0ba6b520f8316a81b65db5e62a6768d18a5e67fab1c7119857,5965d87ce0f0151c1335322e7af0f73d73013a9c5d9b92121eaa515ca9076e12,314159,False
0.34417086110733236,1.0,0.0004900390146446275,1.0,0.0009795979880564399,0.00523200487792806,0.44204768763309993,0.012982826328136647,26,27804,0,53031,0.0,0.9995099609853554,edge_iiotset,42,PGD,0.05,80861,0.9995099609853554,0.0004900390146446275,0.9995099609853554,0.9990204020119435,0.9870171736718634,0.6558291388926676,19.706987380981445,19.706987380981445,0.6561506783245322,0.3438493216754678,0,1.4158594608306885,1.4158594608306885,37473.35202949544,['udp.time_delta'],[9],e4b2e70c6e6bb07cbe001032fae6532a9e0c39b723ebcb13437e45dd21e5bb15,5965d87ce0f0151c1335322e7af0f73d73013a9c5d9b92121eaa515ca9076e12,314159,False
1.0,1.0,1.0,1.0,1.0,1.0,1.0,1.0,53057,27804,0,0,0.0,0.0,edge_iiotset,123,FGSM,0.01,80861,0.0,1.0,0.0,0.0,0.0,0.0,3.936793565750122,3.936793565750122,0.6553839304485475,0.3446160695514525,0,0.07816147804260254,0.07816147804260254,678812.6495136243,['udp.time_delta'],[9],a02465842b8f9b482a5b6d2c2b2ef2527ada5bf45d3a4fd6842ddb3bb845cfb1,85795c062a391c53a35e51adb3eb974bc93e7f1706e745a41a1ade37cdf6053f,314159,False
0.3460258962911663,1.0,0.00331718717605594,1.0,0.006612439652095505,0.9999896522282923,0.999994575164856,0.03380977083796196,176,27804,0,52881,0.0,0.9966828128239441,edge_iiotset,123,FGSM,0.03,80861,0.9966828128239441,0.00331718717605594,0.9966828128239441,0.9933875603479045,0.966190229162038,0.6539741037088337,11.810380935668945,11.810380935668945,0.6553839304485475,0.3446160695514525,0,0.12475061416625977,0.12475061416625977,425304.5193772671,['udp.time_delta'],[9],37e61df9da7dfd0ba6b520f8316a81b65db5e62a6768d18a5e67fab1c7119857,85795c062a391c53a35e51adb3eb974bc93e7f1706e745a41a1ade37cdf6053f,314159,False
0.3450118103906704,1.0,0.0017716795144844225,1.0,0.00353709243476134,0.04957336377895195,0.45257218703172514,0.02469614951602298,94,27804,0,52963,0.0,0.9982283204855156,edge_iiotset,123,FGSM,0.05,80861,0.9982283204855156,0.0017716795144844225,0.9982283204855156,0.9964629075652387,0.975303850483977,0.6549881896093296,19.6839599609375,19.6839599609375,0.6553839304485475,0.3446160695514525,0,0.10013389587402344,0.10013389587402344,529860.5386007352,['udp.time_delta'],[9],e4b2e70c6e6bb07cbe001032fae6532a9e0c39b723ebcb13437e45dd21e5bb15,85795c062a391c53a35e51adb3eb974bc93e7f1706e745a41a1ade37cdf6053f,314159,False
1.0,1.0,1.0,1.0,1.0,1.0,1.0,1.0,53057,27804,0,0,0.0,0.0,edge_iiotset,123,PGD,0.01,80861,0.0,1.0,0.0,0.0,0.0,0.0,3.936890125274658,3.936890125274658,0.6556189015718331,0.34438109842816683,0,2.1316535472869873,2.1316535472869873,24890.067181661423,['udp.time_delta'],[9],a02465842b8f9b482a5b6d2c2b2ef2527ada5bf45d3a4fd6842ddb3bb845cfb1,85795c062a391c53a35e51adb3eb974bc93e7f1706e745a41a1ade37cdf6053f,314159,False
0.3460011624887152,1.0,0.0032794918672371222,1.0,0.0065375439123818825,0.9999895437681894,0.999994518208512,0.033616704364163516,174,27804,0,52883,0.0,0.9967205081327629,edge_iiotset,123,PGD,0.03,80861,0.9967205081327629,0.0032794918672371222,0.9967205081327629,0.9934624560876181,0.9663832956358365,0.6539988375112848,11.80810546875,11.80810546875,0.655680736077961,0.34431926392203904,0,2.0369491577148438,2.0369491577148438,26047.287336087524,['udp.time_delta'],[9],37e61df9da7dfd0ba6b520f8316a81b65db5e62a6768d18a5e67fab1c7119857,85795c062a391c53a35e51adb3eb974bc93e7f1706e745a41a1ade37cdf6053f,314159,False
0.3448015730698359,1.0,0.0014512693895244737,1.0,0.0028983325177852222,0.049481224887774775,0.4524554448250556,0.022349354323341473,77,27804,0,52980,0.0,0.9985487306104756,edge_iiotset,123,PGD,0.05,80861,0.9985487306104756,0.0014512693895244737,0.9985487306104756,0.9971016674822147,0.9776506456766585,0.6551984269301641,19.692352294921875,19.692352294921875,0.6557673043865399,0.34423269561346015,0,2.30053448677063,2.30053448677063,23062.901384485936,['udp.time_delta'],[9],e4b2e70c6e6bb07cbe001032fae6532a9e0c39b723ebcb13437e45dd21e5bb15,85795c062a391c53a35e51adb3eb974bc93e7f1706e745a41a1ade37cdf6053f,314159,False
0.8544415725751598,1.0,0.7781631076012591,1.0,0.8752437886882048,1.0,1.0,0.7394077254109996,41287,27804,0,11770,0.0,0.22183689239874096,edge_iiotset,2026,FGSM,0.01,80861,0.22183689239874096,0.7781631076012591,0.22183689239874094,0.12475621131179515,0.26059227458900036,0.14555842742484015,3.941399335861206,3.941399335861206,0.6561506783245322,0.3438493216754678,0,0.0759587287902832,0.0759587287902832,698497.7348223758,['udp.time_delta'],[9],a02465842b8f9b482a5b6d2c2b2ef2527ada5bf45d3a4fd6842ddb3bb845cfb1,2f952a4bf62b70aaa6cac3f6696851132500daa03282e1607ad51b4c1a94b66a,314159,False
0.34417086110733236,1.0,0.0004900390146446275,1.0,0.0009795979880564399,0.15891499395225112,0.47679111617710235,0.012982826328136647,26,27804,0,53031,0.0,0.9995099609853554,edge_iiotset,2026,FGSM,0.03,80861,0.9995099609853554,0.0004900390146446275,0.9995099609853554,0.9990204020119435,0.9870171736718634,0.6558291388926676,11.824198722839355,11.824198722839355,0.6561506783245322,0.3438493216754678,0,0.0681910514831543,0.0681910514831543,778063.9665470921,['udp.time_delta'],[9],37e61df9da7dfd0ba6b520f8316a81b65db5e62a6768d18a5e67fab1c7119857,2f952a4bf62b70aaa6cac3f6696851132500daa03282e1607ad51b4c1a94b66a,314159,False
0.34417086110733236,1.0,0.0004900390146446275,1.0,0.0009795979880564399,0.001726276759591838,0.4414031560634108,0.012982826328136647,26,27804,0,53031,0.0,0.9995099609853554,edge_iiotset,2026,FGSM,0.05,80861,0.9995099609853554,0.0004900390146446275,0.9995099609853554,0.9990204020119435,0.9870171736718634,0.6558291388926676,19.706987380981445,19.706987380981445,0.6561506783245322,0.3438493216754678,0,0.07538342475891113,0.07538342475891113,703828.4632156898,['udp.time_delta'],[9],e4b2e70c6e6bb07cbe001032fae6532a9e0c39b723ebcb13437e45dd21e5bb15,2f952a4bf62b70aaa6cac3f6696851132500daa03282e1607ad51b4c1a94b66a,314159,False
0.8544415725751598,1.0,0.7781631076012591,1.0,0.8752437886882048,1.0,1.0,0.7394077254109996,41287,27804,0,11770,0.0,0.22183689239874096,edge_iiotset,2026,PGD,0.01,80861,0.22183689239874096,0.7781631076012591,0.22183689239874094,0.12475621131179515,0.26059227458900036,0.14555842742484015,3.941399335861206,3.941399335861206,0.6561506783245322,0.3438493216754678,0,1.7077367305755615,1.7077367305755615,31068.6062143303,['udp.time_delta'],[9],a02465842b8f9b482a5b6d2c2b2ef2527ada5bf45d3a4fd6842ddb3bb845cfb1,2f952a4bf62b70aaa6cac3f6696851132500daa03282e1607ad51b4c1a94b66a,314159,False
0.34417086110733236,1.0,0.0004900390146446275,1.0,0.0009795979880564399,0.15891499395225112,0.47679111617710235,0.012982826328136647,26,27804,0,53031,0.0,0.9995099609853554,edge_iiotset,2026,PGD,0.03,80861,0.9995099609853554,0.0004900390146446275,0.9995099609853554,0.9990204020119435,0.9870171736718634,0.6558291388926676,11.824198722839355,11.824198722839355,0.6561506783245322,0.3438493216754678,0,1.3198115825653076,1.3198115825653076,40200.43519914677,['udp.time_delta'],[9],37e61df9da7dfd0ba6b520f8316a81b65db5e62a6768d18a5e67fab1c7119857,2f952a4bf62b70aaa6cac3f6696851132500daa03282e1607ad51b4c1a94b66a,314159,False
0.34417086110733236,1.0,0.0004900390146446275,1.0,0.0009795979880564399,0.001726276759591838,0.4414031560634108,0.012982826328136647,26,27804,0,53031,0.0,0.9995099609853554,edge_iiotset,2026,PGD,0.05,80861,0.9995099609853554,0.0004900390146446275,0.9995099609853554,0.9990204020119435,0.9870171736718634,0.6558291388926676,19.706987380981445,19.706987380981445,0.6561506783245322,0.3438493216754678,0,1.5964703559875488,1.5964703559875488,33233.93998580065,['udp.time_delta'],[9],e4b2e70c6e6bb07cbe001032fae6532a9e0c39b723ebcb13437e45dd21e5bb15,2f952a4bf62b70aaa6cac3f6696851132500daa03282e1607ad51b4c1a94b66a,314159,False
0.6781,0.987945380840623,0.5941870909790838,0.9743996375169914,0.7420673076923077,0.9790275694422358,0.9876535519701533,0.47253375623051,9261,4301,113,6325,0.02560036248300861,0.4058129090209162,ton_iot,42,FGSM,0.01,20000,0.4035935085007728,0.5941870909790838,0.4020916206852303,0.25245666194934857,0.5025303075564924,0.31335,1.105723261833191,1.105723261833191,0.7793,0.2207,0,0.024687767028808594,0.024687767028808594,631324.8169351412,['duration'],[2],71e87bbd139000ff0212980d3f21f67562579b2f31a51cb89f0072d19927889b,55e2c53382001820703a317dd7984211371b101961dfa439f7f68c41e6ed98de,314159,False
0.69075,0.9882621792874208,0.6104196073399204,0.9743996375169914,0.7546900408519415,0.9657417537644736,0.9870076725361474,0.48540861643558464,9514,4301,113,6072,0.02560036248300861,0.38958039266007954,ton_iot,42,FGSM,0.03,20000,0.38730036063884593,0.6104196073399204,0.38585910432439374,0.23983392878971477,0.48965544735141786,0.3007000000000001,3.3171703815460205,3.3171703815460205,0.7793,0.2207,0,0.019436359405517578,0.019436359405517578,801899.1455558009,['duration'],[2],cd17b4a8ff82d6544a5c1456f5a94f23ab2accf78315ca1a2056e5c597b02cd2,55e2c53382001820703a317dd7984211371b101961dfa439f7f68c41e6ed98de,314159,False
0.74035,0.9893586966757698,0.6740664699088926,0.9743996375169914,0.8018317115054379,0.9778550115642335,0.9916681854190772,0.5388953103874603,10506,4301,113,5080,0.02560036248300861,0.3259335300911074,ton_iot,42,FGSM,0.05,20000,0.32373776403915505,0.6740664699088926,0.3222122417554215,0.19269225813621838,0.4361687533995422,0.2511000000000001,5.5286173820495605,5.5286173820495605,0.7793,0.2207,0,0.02424335479736328,0.02424335479736328,642897.8221155737,['duration'],[2],c49733753857981051aef4276aa3f4274770636dead04c3339a3751a4b9a519f,55e2c53382001820703a317dd7984211371b101961dfa439f7f68c41e6ed98de,314159,False
0.68295,0.9880688417273783,0.6004106249197998,0.9743996375169914,0.746936983677216,0.9790374681866565,0.987663790235898,0.47743750560454123,9358,4301,113,6228,0.02560036248300861,0.3995893750802002,ton_iot,42,PGD,0.01,20000,0.3973467284904688,0.6004106249197998,0.39586808674451435,0.2475869859644403,0.49762655818246126,0.3085000000000001,1.0934088230133057,1.0934088230133057,0.7793,0.2207,0,0.36048007011413574,0.36048007011413574,43236.78697428443,['duration'],[2],71e87bbd139000ff0212980d3f21f67562579b2f31a51cb89f0072d19927889b,55e2c53382001820703a317dd7984211371b101961dfa439f7f68c41e6ed98de,314159,False
0.6327,0.9866524923222301,0.5359296804824842,0.9743996375169914,0.694578413437552,0.9638862697350584,0.9842673150358139,0.4283560583979734,8353,4301,113,7233,0.02560036248300861,0.4640703195175157,ton_iot,42,PGD,0.03,20000,0.46206852138073157,0.5359296804824842,0.4603490311818299,0.29994555620410424,0.5467080053890291,0.35875,2.3586294651031494,2.3586294651031494,0.7793,0.2207,0,0.6627113819122314,0.6627113819122314,23518.533746964054,['duration'],[2],cd17b4a8ff82d6544a5c1456f5a94f23ab2accf78315ca1a2056e5c597b02cd2,55e2c53382001820703a317dd7984211371b101961dfa439f7f68c41e6ed98de,314159,False
0.62245,0.9863212686115482,0.5227768510201463,0.9743996375169914,0.6833563970310731,0.9663973675212225,0.9858776349436441,0.4187571357834512,8148,4301,113,7438,0.02560036248300861,0.47722314897985374,ton_iot,42,PGD,0.05,20000,0.4752704791344668,0.5227768510201463,0.4735018606441679,0.31116757261058314,0.5563069280035513,0.3690000000000001,2.7281250953674316,2.7281250953674316,0.7774,0.2226,0,0.3381326198577881,0.3381326198577881,46094.34016320331,['duration'],[2],c49733753857981051aef4276aa3f4274770636dead04c3339a3751a4b9a519f,55e2c53382001820703a317dd7984211371b101961dfa439f7f68c41e6ed98de,314159,False
0.93,0.991681685845002,0.917875016040036,0.9728137743543271,0.9533519925363189,0.9870268305685554,0.9944369574522424,0.823859285458444,14306,4294,120,1280,0.02718622564567286,0.08212498395996407,ton_iot,123,FGSM,0.01,20000,0.07709180052899813,0.917875016040036,0.07667137174387262,0.040078968466020326,0.14627043549140295,0.05974999999999997,1.1048015356063843,1.1048015356063843,0.77875,0.22125,0,0.019466876983642578,0.019466876983642578,800642.0348315983,['duration'],[2],71e87bbd139000ff0212980d3f21f67562579b2f31a51cb89f0072d19927889b,942eb46bb5c1e7373b09b92d1e5fbdf87e414f0351d7ef4211550ca03d7bed98,314159,False
0.9199,0.9915635545556806,0.9049146670088541,0.9728137743543271,0.946259644414626,0.9887527515166301,0.995547559484022,0.8031916917476197,14104,4294,120,1482,0.02718622564567286,0.0950853329911459,ton_iot,123,FGSM,0.03,20000,0.09251016063479775,0.9049146670088541,0.08963172077505444,0.04717131658771323,0.16693802920222722,0.06984999999999997,3.314403533935547,3.314403533935547,0.77875,0.22125,0,0.022168636322021484,0.022168636322021484,703065.3475296294,['duration'],[2],cd17b4a8ff82d6544a5c1456f5a94f23ab2accf78315ca1a2056e5c597b02cd2,942eb46bb5c1e7373b09b92d1e5fbdf87e414f0351d7ef4211550ca03d7bed98,314159,False
0.9636,0.9920519274076036,0.9609906326190171,0.9728137743543271,0.9762742797549211,0.9904028038942155,0.9967372289753968,0.9003120348632,14978,4294,120,608,0.02718622564567286,0.039009367380982936,ton_iot,123,FGSM,0.05,20000,0.037094381007676924,0.9609906326190171,0.03355575516489151,0.017156681247418093,0.06981768608664696,0.026150000000000007,5.52400541305542,5.52400541305542,0.77875,0.22125,0,0.02289557456970215,0.02289557456970215,680742.9074361405,['duration'],[2],c49733753857981051aef4276aa3f4274770636dead04c3339a3751a4b9a519f,942eb46bb5c1e7373b09b92d1e5fbdf87e414f0351d7ef4211550ca03d7bed98,314159,False
0.92855,0.9916649301937904,0.916014371872193,0.9728137743543271,0.9523396591401795,0.986943338075234,0.9944306669835756,0.820833335534605,14277,4294,120,1309,0.02718622564567286,0.08398562812780701,ton_iot,123,PGD,0.01,20000,0.07896264757112445,0.916014371872193,0.07853201591171555,0.0410913018621597,0.14929638541524193,0.06120000000000003,0.9736385941505432,0.9736385941505432,0.77875,0.22125,0,0.5165462493896484,0.5165462493896484,30173.484017000283,['duration'],[2],71e87bbd139000ff0212980d3f21f67562579b2f31a51cb89f0072d19927889b,942eb46bb5c1e7373b09b92d1e5fbdf87e414f0351d7ef4211550ca03d7bed98,314159,False
0.9152,0.9915074309978769,0.8988836134992942,0.9728137743543271,0.9429263696325212,0.9868751370343803,0.9945704217838198,0.793887773264113,14010,4294,120,1576,0.02718622564567286,0.10111638650070576,ton_iot,123,PGD,0.03,20000,0.0961873427520805,0.8988836134992942,0.09566277428461434,0.050504591369818,0.17624194768573398,0.07455,1.265735387802124,1.265735387802124,0.77785,0.22215,0,0.768744945526123,0.768744945526123,20274.604848729203,['duration'],[2],cd17b4a8ff82d6544a5c1456f5a94f23ab2accf78315ca1a2056e5c597b02cd2,942eb46bb5c1e7373b09b92d1e5fbdf87e414f0351d7ef4211550ca03d7bed98,314159,False
0.90895,0.9914316315601571,0.890863595534454,0.9728137743543271,0.9384610185529384,0.985538254184756,0.9945963513856493,0.781805804308216,13885,4294,120,1701,0.02718622564567286,0.109136404465546,ton_iot,123,PGD,0.05,20000,0.10476743435907361,0.890863595534454,0.10368279224945454,0.05496994244940079,0.18832391664163095,0.08079999999999998,1.5561628341674805,1.5561628341674805,0.75975,0.24025,0,0.45897459983825684,0.45897459983825684,33958.30620145978,['duration'],[2],c49733753857981051aef4276aa3f4274770636dead04c3339a3751a4b9a519f,942eb46bb5c1e7373b09b92d1e5fbdf87e414f0351d7ef4211550ca03d7bed98,314159,False
0.9353,0.9922165587546494,0.9242268702681894,0.9743996375169914,0.9570156789795377,0.9884817861067676,0.9951655489790704,0.8354872256400416,14405,4301,113,1181,0.02560036248300861,0.07577312973181059,ton_iot,2026,FGSM,0.01,20000,0.07226122238681007,0.9242268702681894,0.07198768125240607,0.037476090699575915,0.13943173581234236,0.05609999999999993,1.105723261833191,1.105723261833191,0.7793,0.2207,0,0.02096104621887207,0.02096104621887207,743569.7549279433,['duration'],[2],71e87bbd139000ff0212980d3f21f67562579b2f31a51cb89f0072d19927889b,e8748f04ee9b0425693cf6dff50e486db45800a0951551d5a5dc481d4c1e5695,314159,False
0.9786,0.9926547061882476,0.9797895547286026,0.9743996375169914,0.9861801743622861,0.9914696879514576,0.9963608347960016,0.9391835080908544,15271,4301,113,315,0.02560036248300861,0.02021044527139741,ton_iot,2026,FGSM,0.03,20000,0.016551812970953823,0.9797895547286026,0.01642499679199283,0.008311595316827458,0.03573545336152961,0.012799999999999923,3.3171703815460205,3.3171703815460205,0.7793,0.2207,0,0.01891613006591797,0.01891613006591797,823952.8881270482,['duration'],[2],cd17b4a8ff82d6544a5c1456f5a94f23ab2accf78315ca1a2056e5c597b02cd2,e8748f04ee9b0425693cf6dff50e486db45800a0951551d5a5dc481d4c1e5695,314159,False
0.989,0.9927526936890713,0.9931348646220968,0.9743996375169914,0.9929437423824492,0.9933170611154004,0.9972014957395133,0.9680064592118095,15479,4301,113,107,0.02560036248300861,0.0068651353779032465,ton_iot,2026,FGSM,0.05,20000,0.0037998325497520446,0.9931348646220968,0.0030796868984986903,0.0015480272966643671,0.006912502240574492,0.0023999999999999577,5.5286173820495605,5.5286173820495605,0.7793,0.2207,0,0.029958486557006836,0.029958486557006836,520253.2501213641,['duration'],[2],c49733753857981051aef4276aa3f4274770636dead04c3339a3751a4b9a519f,e8748f04ee9b0425693cf6dff50e486db45800a0951551d5a5dc481d4c1e5695,314159,False
0.95025,0.9923736248903287,0.9434107532400873,0.9743996375169914,0.9672729664835708,0.9885752645581167,0.9952083930604952,0.8686918072556747,14704,4301,113,882,0.02560036248300861,0.05658924675991274,ton_iot,2026,PGD,0.01,20000,0.053004443871964964,0.9434107532400873,0.052803798280508185,0.027218803195542818,0.10622715419670925,0.04114999999999991,1.0101382732391357,1.0101382732391357,0.7793,0.2207,0,0.4655792713165283,0.4655792713165283,33476.576300158595,['duration'],[2],71e87bbd139000ff0212980d3f21f67562579b2f31a51cb89f0072d19927889b,e8748f04ee9b0425693cf6dff50e486db45800a0951551d5a5dc481d4c1e5695,314159,False
0.95745,0.9924470289419156,0.9526498139355832,0.9743996375169914,0.9721412904704226,0.9890125826559696,0.9954139532687813,0.8855924614498123,14848,4301,113,738,0.02560036248300861,0.04735018606441679,ton_iot,2026,PGD,0.03,20000,0.043730276292909126,0.9526498139355832,0.043564737585012225,0.022350479208690932,0.0893265000025717,0.033949999999999925,1.547318458557129,1.547318458557129,0.77845,0.22155,0,0.36435937881469727,0.36435937881469727,42776.44794187278,['duration'],[2],cd17b4a8ff82d6544a5c1456f5a94f23ab2accf78315ca1a2056e5c597b02cd2,e8748f04ee9b0425693cf6dff50e486db45800a0951551d5a5dc481d4c1e5695,314159,False
0.9646,0.9925185381355932,0.9618247144873604,0.9743996375169914,0.976930596285435,0.989961205061808,0.9959619502243682,0.9030186931718376,14991,4301,113,595,0.02560036248300861,0.038175285512639545,ton_iot,2026,PGD,0.05,20000,0.03458491659689573,0.9618247144873604,0.03438983703323506,0.017561173393678575,0.07190026828054641,0.026799999999999935,1.7232328653335571,1.7232328653335571,0.7646,0.2354,0,0.72660231590271,0.72660231590271,21450.52342784842,['duration'],[2],c49733753857981051aef4276aa3f4274770636dead04c3339a3751a4b9a519f,e8748f04ee9b0425693cf6dff50e486db45800a0951551d5a5dc481d4c1e5695,314159,False
