dataset,seed,attack,budget,status,runtime_seconds,artifact_path
cic_iot_2023,42,fgsm,0.01,COMPLETED,0.07374238967895508,/workspace/results/adversarial/cic_iot_2023/seed_42/fgsm/eps_001.json
cic_iot_2023,42,fgsm,0.03,COMPLETED,0.036485910415649414,/workspace/results/adversarial/cic_iot_2023/seed_42/fgsm/eps_003.json
cic_iot_2023,42,fgsm,0.05,COMPLETED,0.026813268661499023,/workspace/results/adversarial/cic_iot_2023/seed_42/fgsm/eps_005.json
cic_iot_2023,42,pgd,0.01,COMPLETED,0.4039745330810547,/workspace/results/adversarial/cic_iot_2023/seed_42/pgd/eps_001.json
cic_iot_2023,42,pgd,0.03,COMPLETED,0.4159095287322998,/workspace/results/adversarial/cic_iot_2023/seed_42/pgd/eps_003.json
cic_iot_2023,42,pgd,0.05,COMPLETED,0.55303955078125,/workspace/results/adversarial/cic_iot_2023/seed_42/pgd/eps_005.json
cic_iot_2023,123,fgsm,0.01,COMPLETED,0.02512192726135254,/workspace/results/adversarial/cic_iot_2023/seed_123/fgsm/eps_001.json
cic_iot_2023,123,fgsm,0.03,COMPLETED,0.02315354347229004,/workspace/results/adversarial/cic_iot_2023/seed_123/fgsm/eps_003.json
cic_iot_2023,123,fgsm,0.05,COMPLETED,0.019542455673217773,/workspace/results/adversarial/cic_iot_2023/seed_123/fgsm/eps_005.json
cic_iot_2023,123,pgd,0.01,COMPLETED,0.5036299228668213,/workspace/results/adversarial/cic_iot_2023/seed_123/pgd/eps_001.json
cic_iot_2023,123,pgd,0.03,COMPLETED,0.633328914642334,/workspace/results/adversarial/cic_iot_2023/seed_123/pgd/eps_003.json
cic_iot_2023,123,pgd,0.05,COMPLETED,0.3683953285217285,/workspace/results/adversarial/cic_iot_2023/seed_123/pgd/eps_005.json
cic_iot_2023,2026,fgsm,0.01,COMPLETED,0.030647754669189453,/workspace/results/adversarial/cic_iot_2023/seed_2026/fgsm/eps_001.json
cic_iot_2023,2026,fgsm,0.03,COMPLETED,0.02162909507751465,/workspace/results/adversarial/cic_iot_2023/seed_2026/fgsm/eps_003.json
cic_iot_2023,2026,fgsm,0.05,COMPLETED,0.04944467544555664,/workspace/results/adversarial/cic_iot_2023/seed_2026/fgsm/eps_005.json
cic_iot_2023,2026,pgd,0.01,COMPLETED,0.5087370872497559,/workspace/results/adversarial/cic_iot_2023/seed_2026/pgd/eps_001.json
cic_iot_2023,2026,pgd,0.03,COMPLETED,0.44329214096069336,/workspace/results/adversarial/cic_iot_2023/seed_2026/pgd/eps_003.json
cic_iot_2023,2026,pgd,0.05,COMPLETED,0.5158162117004395,/workspace/results/adversarial/cic_iot_2023/seed_2026/pgd/eps_005.json
edge_iiotset,42,fgsm,0.01,COMPLETED,0.011880874633789062,/workspace/results/adversarial/edge_iiotset/seed_42/fgsm/eps_001.json
edge_iiotset,42,fgsm,0.03,COMPLETED,0.07970404624938965,/workspace/results/adversarial/edge_iiotset/seed_42/fgsm/eps_003.json
edge_iiotset,42,fgsm,0.05,COMPLETED,0.09093570709228516,/workspace/results/adversarial/edge_iiotset/seed_42/fgsm/eps_005.json
edge_iiotset,42,pgd,0.01,COMPLETED,2.4699862003326416,/workspace/results/adversarial/edge_iiotset/seed_42/pgd/eps_001.json
edge_iiotset,42,pgd,0.03,COMPLETED,2.413651466369629,/workspace/results/adversarial/edge_iiotset/seed_42/pgd/eps_003.json
edge_iiotset,42,pgd,0.05,COMPLETED,1.4158594608306885,/workspace/results/adversarial/edge_iiotset/seed_42/pgd/eps_005.json
edge_iiotset,123,fgsm,0.01,COMPLETED,0.07816147804260254,/workspace/results/adversarial/edge_iiotset/seed_123/fgsm/eps_001.json
edge_iiotset,123,fgsm,0.03,COMPLETED,0.12475061416625977,/workspace/results/adversarial/edge_iiotset/seed_123/fgsm/eps_003.json
edge_iiotset,123,fgsm,0.05,COMPLETED,0.10013389587402344,/workspace/results/adversarial/edge_iiotset/seed_123/fgsm/eps_005.json
edge_iiotset,123,pgd,0.01,COMPLETED,2.1316535472869873,/workspace/results/adversarial/edge_iiotset/seed_123/pgd/eps_001.json
edge_iiotset,123,pgd,0.03,COMPLETED,2.0369491577148438,/workspace/results/adversarial/edge_iiotset/seed_123/pgd/eps_003.json
edge_iiotset,123,pgd,0.05,COMPLETED,2.30053448677063,/workspace/results/adversarial/edge_iiotset/seed_123/pgd/eps_005.json
edge_iiotset,2026,fgsm,0.01,COMPLETED,0.0759587287902832,/workspace/results/adversarial/edge_iiotset/seed_2026/fgsm/eps_001.json
edge_iiotset,2026,fgsm,0.03,COMPLETED,0.0681910514831543,/workspace/results/adversarial/edge_iiotset/seed_2026/fgsm/eps_003.json
edge_iiotset,2026,fgsm,0.05,COMPLETED,0.07538342475891113,/workspace/results/adversarial/edge_iiotset/seed_2026/fgsm/eps_005.json
edge_iiotset,2026,pgd,0.01,COMPLETED,1.7077367305755615,/workspace/results/adversarial/edge_iiotset/seed_2026/pgd/eps_001.json
edge_iiotset,2026,pgd,0.03,COMPLETED,1.3198115825653076,/workspace/results/adversarial/edge_iiotset/seed_2026/pgd/eps_003.json
edge_iiotset,2026,pgd,0.05,COMPLETED,1.5964703559875488,/workspace/results/adversarial/edge_iiotset/seed_2026/pgd/eps_005.json
ton_iot,42,fgsm,0.01,COMPLETED,0.024687767028808594,/workspace/results/adversarial/ton_iot/seed_42/fgsm/eps_001.json
ton_iot,42,fgsm,0.03,COMPLETED,0.019436359405517578,/workspace/results/adversarial/ton_iot/seed_42/fgsm/eps_003.json
ton_iot,42,fgsm,0.05,COMPLETED,0.02424335479736328,/workspace/results/adversarial/ton_iot/seed_42/fgsm/eps_005.json
ton_iot,42,pgd,0.01,COMPLETED,0.36048007011413574,/workspace/results/adversarial/ton_iot/seed_42/pgd/eps_001.json
ton_iot,42,pgd,0.03,COMPLETED,0.6627113819122314,/workspace/results/adversarial/ton_iot/seed_42/pgd/eps_003.json
ton_iot,42,pgd,0.05,COMPLETED,0.3381326198577881,/workspace/results/adversarial/ton_iot/seed_42/pgd/eps_005.json
ton_iot,123,fgsm,0.01,COMPLETED,0.019466876983642578,/workspace/results/adversarial/ton_iot/seed_123/fgsm/eps_001.json
ton_iot,123,fgsm,0.03,COMPLETED,0.022168636322021484,/workspace/results/adversarial/ton_iot/seed_123/fgsm/eps_003.json
ton_iot,123,fgsm,0.05,COMPLETED,0.02289557456970215,/workspace/results/adversarial/ton_iot/seed_123/fgsm/eps_005.json
ton_iot,123,pgd,0.01,COMPLETED,0.5165462493896484,/workspace/results/adversarial/ton_iot/seed_123/pgd/eps_001.json
ton_iot,123,pgd,0.03,COMPLETED,0.768744945526123,/workspace/results/adversarial/ton_iot/seed_123/pgd/eps_003.json
ton_iot,123,pgd,0.05,COMPLETED,0.45897459983825684,/workspace/results/adversarial/ton_iot/seed_123/pgd/eps_005.json
ton_iot,2026,fgsm,0.01,COMPLETED,0.02096104621887207,/workspace/results/adversarial/ton_iot/seed_2026/fgsm/eps_001.json
ton_iot,2026,fgsm,0.03,COMPLETED,0.01891613006591797,/workspace/results/adversarial/ton_iot/seed_2026/fgsm/eps_003.json
ton_iot,2026,fgsm,0.05,COMPLETED,0.029958486557006836,/workspace/results/adversarial/ton_iot/seed_2026/fgsm/eps_005.json
ton_iot,2026,pgd,0.01,COMPLETED,0.4655792713165283,/workspace/results/adversarial/ton_iot/seed_2026/pgd/eps_001.json
ton_iot,2026,pgd,0.03,COMPLETED,0.36435937881469727,/workspace/results/adversarial/ton_iot/seed_2026/pgd/eps_003.json
ton_iot,2026,pgd,0.05,COMPLETED,0.72660231590271,/workspace/results/adversarial/ton_iot/seed_2026/pgd/eps_005.json
